Gen;GeneSynonym;Note;AccessionID;CDS_Start;CDS_End;Location;LoopPattern;TerminalPair;N-2;N-1;Loop;StemLoopSequence;Additional5Seq;Additional3Seq;PredictedStructure;ViennaBracketStr;Pairments;WooblePairs;Bulges;InternalLoops;SequenceLength;StartsAt;EndsAt;A_PercentSequence;C_PercentSequence;G_PercentSequence;U_PercentSequence;AU_PercentPairs;CG_PercentPairs;GU_PercentPairs;PurinePercentPairs;RnaFoldMFE;RelativePosition;N1;N4;N5;N6;N7;N8;N9;AdditionalSeqMatches;AdditionalSeqPositions;fornaVisualization
Ddr1;6030432F18, AI323681, Cak, CD167a, Nep, PTK3A;discoidin domain receptor family, member 1;NM_172962;259;2883;CDS;CNGG;CG;C;C;CCGG;GCUGGAGCCCCGGGGUCAACAGC;A;C;((((..{((....))}...))));((((..(((....)))...))));7;1;0;1;3703;1448;1471;0,194;0,293;0,301;0,212;0,143;0,714;0,143;0,565;-7,71;0,391;C;;;;;;;0;;http://nibiru.tbi.univie.ac.at/forna/forna.html?id=fasta&file=>\nGCUGGAGCCCCGGGGUCAACAGC\n((((..(((....)))...))))
Ctnnb1;Bfc, Catnb, Mesc;catenin (cadherin associated protein), beta 1;NM_007614;288;2633;CDS;CNGG;UA;U;U;CUGG;UACUUGGAUUCUGGAAUCCAUUCUGGUG;U;C;{(({((((((....))))))....}))};((((((((((....))))))....))));10;2;1;0;3640;374;402;0,247;0,236;0,264;0,252;0,5;0,3;0,2;0,429;-5,24;0,103;U;;;;;;;0;;http://nibiru.tbi.univie.ac.at/forna/forna.html?id=fasta&file=>\nUACUUGGAUUCUGGAAUCCAUUCUGGUG\n((((((((((....))))))....))))
Ctnnb1;Bfc, Catnb, Mesc;catenin (cadherin associated protein), beta 1;NM_001165902;88;2433;CDS;CNGG;UA;U;U;CUGG;UACUUGGAUUCUGGAAUCCAUUCUGGUG;U;C;{(({((((((....))))))....}))};((((((((((....))))))....))));10;2;1;0;3440;174;202;0,254;0,231;0,256;0,26;0,5;0,3;0,2;0,429;-5,24;0,051;U;;;;;;;0;;http://nibiru.tbi.univie.ac.at/forna/forna.html?id=fasta&file=>\nUACUUGGAUUCUGGAAUCCAUUCUGGUG\n((((((((((....))))))....))))
Col4a2;Col4a-2;collagen, type IV, alpha 2;NM_009932;356;5479;5'UTR;CNGG;GC;G;G;CCGG;CGGAGCAGAGCCAGGCCGGCCUGGCCGCCG;A;G;(((......((((((....))))))..)));(((......((((((....))))))..)));9;0;0;1;6467;216;246;0,223;0,285;0,319;0,173;0,111;0,889;0;0,567;-12,12;0,033;C;;;;;;;0;;http://nibiru.tbi.univie.ac.at/forna/forna.html?id=fasta&file=>\nCGGAGCAGAGCCAGGCCGGCCUGGCCGCCG\n(((......((((((....))))))..)))
Col4a2;Col4a-2;collagen, type IV, alpha 2;NM_009932;356;5479;CDS;CNGG;UA;C;U;CAGG;GACCCAAAGGCUUCUCAGGAGAACCAGGGUC;G;C;(((((...((.((((....)))))).)))));(((((...((.((((....)))))).)))));11;0;3;0;6467;1568;1599;0,223;0,285;0,319;0,173;0,364;0,636;0;0,581;-11,65;0,242;A;;;;;;;0;;http://nibiru.tbi.univie.ac.at/forna/forna.html?id=fasta&file=>\nGACCCAAAGGCUUCUCAGGAGAACCAGGGUC\n(((((...((.((((....)))))).)))))
Col4a2;Col4a-2;collagen, type IV, alpha 2;NM_009932;356;5479;CDS;CNGG;UA;C;U;CUGG;GGGCAUGAACAAGCUCUGGAGUGGGUACAGCCU;U;G;{(((.((.((..{((....))}..)).)))))};((((.((.((..(((....)))..)).))))));11;2;1;2;6467;4857;4890;0,223;0,285;0,319;0,173;0,273;0,545;0,182;0,606;-9,55;0,751;U;;;;;;;0;;http://nibiru.tbi.univie.ac.at/forna/forna.html?id=fasta&file=>\nGGGCAUGAACAAGCUCUGGAGUGGGUACAGCCU\n((((.((.((..(((....)))..)).))))))
Ddr1;6030432F18, AI323681, Cak, CD167a, Nep, PTK3A;discoidin domain receptor family, member 1;NM_007584;328;3063;CDS;CNGG;CG;C;C;CCGG;GCUGGAGCCCCGGGGUCAACAGC;A;C;((((..{((....))}...))));((((..(((....)))...))));7;1;0;1;3883;1517;1540;0,193;0,298;0,298;0,211;0,143;0,714;0,143;0,565;-7,71;0,391;C;;;;;;;0;;http://nibiru.tbi.univie.ac.at/forna/forna.html?id=fasta&file=>\nGCUGGAGCCCCGGGGUCAACAGC\n((((..(((....)))...))))
Ddr1;6030432F18, AI323681, Cak, CD167a, Nep, PTK3A;discoidin domain receptor family, member 1;NM_001198833;203;2938;CDS;CNGG;CG;C;C;CCGG;GCUGGAGCCCCGGGGUCAACAGC;A;C;((((..{((....))}...))));((((..(((....)))...))));7;1;0;1;3758;1392;1415;0,19;0,307;0,296;0,207;0,143;0,714;0,143;0,565;-7,71;0,37;C;;;;;;;0;;http://nibiru.tbi.univie.ac.at/forna/forna.html?id=fasta&file=>\nGCUGGAGCCCCGGGGUCAACAGC\n((((..(((....)))...))))
Ddr1;6030432F18, AI323681, Cak, CD167a, Nep, PTK3A;discoidin domain receptor family, member 1;NM_001198831;84;2819;CDS;CNGG;CG;C;C;CCGG;GCUGGAGCCCCGGGGUCAACAGC;A;C;((((..{((....))}...))));((((..(((....)))...))));7;1;0;1;3639;1273;1296;0,193;0,299;0,294;0,213;0,143;0,714;0,143;0,565;-7,71;0,35;C;;;;;;;0;;http://nibiru.tbi.univie.ac.at/forna/forna.html?id=fasta&file=>\nGCUGGAGCCCCGGGGUCAACAGC\n((((..(((....)))...))))
Cebpb;C/EBPbeta, CRP2, IL-6DBP, LAP, LIP, NF-IL6, NF-M, Nfil6;CCAAT/enhancer binding protein (C/EBP), beta;NM_009883;108;998;3'UTR;CNGGNNN;GC;A;G;CCGGGCC;GUGUAACUGUCAGCCGGGCCCUGAGUAAUCAC;C;U;(((......((((.......)))).....)));(((......((((.......)))).....)));7;0;0;1;1518;1254;1286;0,165;0,354;0,316;0,165;0,429;0,571;0;0,5;-4,23;0,826;C;G;C;C;;;;0;;http://nibiru.tbi.univie.ac.at/forna/forna.html?id=fasta&file=>\nGUGUAACUGUCAGCCGGGCCCUGAGUAAUCAC\n(((......((((.......)))).....)))
Ctnnb1;Bfc, Catnb, Mesc;catenin (cadherin associated protein), beta 1;NM_007614;288;2633;CDS;CNGGNN;UA;U;U;CUGGCC;UCAUCAUUCUGGCCAGUGGUGG;C;A;{(({(({(......)}))}))};((((((((......))))))));8;3;0;0;3640;1224;1246;0,247;0,236;0,264;0,252;0,375;0,25;0,375;0,455;-5,44;0,336;U;C;C;;;;;0;;http://nibiru.tbi.univie.ac.at/forna/forna.html?id=fasta&file=>\nUCAUCAUUCUGGCCAGUGGUGG\n((((((((......))))))))
Ctnnb1;Bfc, Catnb, Mesc;catenin (cadherin associated protein), beta 1;NM_007614;288;2633;CDS;CNGGNN;GC;U;G;CGGGAA;GCGCCUUUGCGGGAACAGGGUGC;U;U;(({(({.((......))}))}));((((((.((......))))))));8;2;1;0;3640;1859;1882;0,247;0,236;0,264;0,252;0,125;0,625;0,25;0,565;-8,28;0,511;G;A;A;;;;;0;;http://nibiru.tbi.univie.ac.at/forna/forna.html?id=fasta&file=>\nGCGCCUUUGCGGGAACAGGGUGC\n((((((.((......))))))))
Ctnnb1;Bfc, Catnb, Mesc;catenin (cadherin associated protein), beta 1;NM_001165902;88;2433;CDS;CNGGNN;UA;U;U;CUGGCC;UCAUCAUUCUGGCCAGUGGUGG;C;A;{(({(({(......)}))}))};((((((((......))))))));8;3;0;0;3440;1024;1046;0,254;0,231;0,256;0,26;0,375;0,25;0,375;0,455;-5,44;0,298;U;C;C;;;;;0;;http://nibiru.tbi.univie.ac.at/forna/forna.html?id=fasta&file=>\nUCAUCAUUCUGGCCAGUGGUGG\n((((((((......))))))))
Ctnnb1;Bfc, Catnb, Mesc;catenin (cadherin associated protein), beta 1;NM_001165902;88;2433;CDS;CNGGNN;GC;U;G;CGGGAA;GCGCCUUUGCGGGAACAGGGUGC;U;U;(({(({.((......))}))}));((((((.((......))))))));8;2;1;0;3440;1659;1682;0,254;0,231;0,256;0,26;0,125;0,625;0,25;0,565;-8,28;0,482;G;A;A;;;;;0;;http://nibiru.tbi.univie.ac.at/forna/forna.html?id=fasta&file=>\nGCGCCUUUGCGGGAACAGGGUGC\n((((((.((......))))))))
Col4a2;Col4a-2;collagen, type IV, alpha 2;NM_009932;356;5479;CDS;CNGGNN;CG;G;C;CAGGUU;GGUCGUUCAGCCAGGUUGCAUUGAAGGCC;U;C;(({(.((((((......))..)))))}));((((.((((((......))..))))))));10;1;2;0;6467;2364;2393;0,223;0,285;0,319;0,173;0,3;0,6;0,1;0,517;-7,49;0,366;A;U;U;;;;;0;;http://nibiru.tbi.univie.ac.at/forna/forna.html?id=fasta&file=>\nGGUCGUUCAGCCAGGUUGCAUUGAAGGCC\n((((.((((((......))..))))))))
Col4a2;Col4a-2;collagen, type IV, alpha 2;NM_009932;356;5479;CDS;CNGGNNN;CG;G;C;CUGGAAC;CUGUCCAGCCUGGAACGCUGGGUCCCCAG;G;G;((({(((((.......)))))}....)));(((((((((.......))))))....)));9;1;1;0;6467;4532;4561;0,223;0,285;0,319;0,173;0,222;0,667;0,111;0,448;-8,16;0,701;U;A;A;C;;;;0;;http://nibiru.tbi.univie.ac.at/forna/forna.html?id=fasta&file=>\nCUGUCCAGCCUGGAACGCUGGGUCCCCAG\n(((((((((.......))))))....)))
Bsg;AI115436, AI325119, CD147, EMMPRIN, HT-7;basigin;NM_001077184;161;982;5'UTR;CNGGNN;CG;U;C;CUGGAC;GCAGUGGGGCAGCUCCUGGACGAGGCGACAUGGC;C;G;((.{((..((..(((......)))))..))}.));((.(((..((..(((......)))))..))).));10;1;5;0;1404;131;165;0,221;0,288;0,288;0,203;0,2;0,7;0,1;0,618;-8,48;0,093;U;A;C;;;;;0;;http://nibiru.tbi.univie.ac.at/forna/forna.html?id=fasta&file=>\nGCAGUGGGGCAGCUCCUGGACGAGGCGACAUGGC\n((.(((..((..(((......)))))..))).))
Cyc1;2610002H19Rik, AA408921, Cyct1;cytochrome c-1;NM_025567;42;1019;CDS;CNGGNN;CG;U;C;CAGGAU;UGGAGGUCCAGGAUGGCCCUA;G;A;({(.(({(......)})))});(((.((((......)))))));7;2;1;0;1534;495;516;0,216;0,276;0,276;0,232;0,143;0,571;0,286;0,571;-5,45;0,323;A;A;U;;;;;0;;http://nibiru.tbi.univie.ac.at/forna/forna.html?id=fasta&file=>\nUGGAGGUCCAGGAUGGCCCUA\n(((.((((......)))))))
Cebpb;C/EBPbeta, CRP2, IL-6DBP, LAP, LIP, NF-IL6, NF-M, Nfil6;CCAAT/enhancer binding protein (C/EBP), beta;NM_001287739;561;998;3'UTR;CNGGNNN;GC;A;G;CCGGGCC;GUGUAACUGUCAGCCGGGCCCUGAGUAAUCAC;C;U;(((......((((.......)))).....)));(((......((((.......)))).....)));7;0;0;1;1518;1254;1286;0,165;0,354;0,316;0,165;0,429;0,571;0;0,5;-4,23;0,826;C;G;C;C;;;;0;;http://nibiru.tbi.univie.ac.at/forna/forna.html?id=fasta&file=>\nGUGUAACUGUCAGCCGGGCCCUGAGUAAUCAC\n(((......((((.......)))).....)))
Cyc1;2610002H19Rik, AA408921, Cyct1;cytochrome c-1;NM_025567;42;1019;CDS;CNGGNNN;CG;G;C;CAGGGAA;GAUGUUCAUGCGGCCAGGGAAGUUGUCUGACUAUU;A;U;{(({.(((.{({{(.......)}})}.))).}))};((((.(((.(((((.......))))).))).))));12;5;0;2;1534;529;564;0,216;0,276;0,276;0,232;0,333;0,25;0,417;0,514;-5,86;0,345;A;G;A;A;;;;0;;http://nibiru.tbi.univie.ac.at/forna/forna.html?id=fasta&file=>\nGAUGUUCAUGCGGCCAGGGAAGUUGUCUGACUAUU\n((((.(((.(((((.......))))).))).))))
Cebpb;C/EBPbeta, CRP2, IL-6DBP, LAP, LIP, NF-IL6, NF-M, Nfil6;CCAAT/enhancer binding protein (C/EBP), beta;NM_001287738;171;998;3'UTR;CNGGNNN;GC;A;G;CCGGGCC;GUGUAACUGUCAGCCGGGCCCUGAGUAAUCAC;C;U;(((......((((.......)))).....)));(((......((((.......)))).....)));7;0;0;1;1518;1254;1286;0,165;0,354;0,316;0,165;0,429;0,571;0;0,5;-4,23;0,826;C;G;C;C;;;;0;;http://nibiru.tbi.univie.ac.at/forna/forna.html?id=fasta&file=>\nGUGUAACUGUCAGCCGGGCCCUGAGUAAUCAC\n(((......((((.......)))).....)))
Bsg;AI115436, AI325119, CD147, EMMPRIN, HT-7;basigin;NM_009768;161;1330;5'UTR;CNGGNN;CG;U;C;CUGGAC;GCAGUGGGGCAGCUCCUGGACGAGGCGACAUGGC;C;G;((.{((..((..(((......)))))..))}.));((.(((..((..(((......)))))..))).));10;1;5;0;1752;131;165;0,212;0,293;0,296;0,199;0,2;0,7;0,1;0,618;-8,48;0,075;U;A;C;;;;;0;;http://nibiru.tbi.univie.ac.at/forna/forna.html?id=fasta&file=>\nGCAGUGGGGCAGCUCCUGGACGAGGCGACAUGGC\n((.(((..((..(((......)))))..))).))
Denr;1500003K04Rik;density-regulated protein;NM_026603;102;698;CDS;CNGGNNN;UA;U;U;CAGGAAA;CAUUGACGUCAUUCAGGAAAAGUGGCCAGAGGUG;U;G;(({{...({(({(.......)}))})....}}));((((...((((((.......))))))....))));10;4;0;1;2236;622;656;0,297;0,178;0,24;0,285;0,3;0,3;0,4;0,618;-4,51;0,278;A;A;A;A;;;;2;790,2186;http://nibiru.tbi.univie.ac.at/forna/forna.html?id=fasta&file=>\nCAUUGACGUCAUUCAGGAAAAGUGGCCAGAGGUG\n((((...((((((.......))))))....))))
Hdac5;AI426555, Hdac4, mHDA1, mKIAA0600;histone deacetylase 5;NM_010412;369;3713;CDS;CNGG;GC;G;G;CAGG;CAGGAGGCUGAGAGGCAGGCCCUUCAGUCCCUG;G;C;((((.({(((({.((....)).}))))})))));((((.(((((((.((....)).)))))))))));13;2;1;1;3813;1529;1562;0,216;0,305;0,301;0,178;0,231;0,615;0,154;0,545;-16,48;0,401;A;;;;;;;0;;http://nibiru.tbi.univie.ac.at/forna/forna.html?id=fasta&file=>\nCAGGAGGCUGAGAGGCAGGCCCUUCAGUCCCUG\n((((.(((((((.((....)).)))))))))))
Hdac5;AI426555, Hdac4, mHDA1, mKIAA0600;histone deacetylase 5;NM_010412;369;3713;CDS;CNGG;UG;C;U;CUGG;ACUUCUUUCCAGGCUCUGGGGCUCCUGAAGAGGU;A;U;(({(((({...{(({....}))}...}))))}));((((((((...((((....))))...))))))));12;4;0;1;3813;3039;3073;0,216;0,305;0,301;0,178;0,333;0,333;0,333;0,441;-10,23;0,797;U;;;;;;;0;;http://nibiru.tbi.univie.ac.at/forna/forna.html?id=fasta&file=>\nACUUCUUUCCAGGCUCUGGGGCUCCUGAAGAGGU\n((((((((...((((....))))...))))))))
Hdac5;AI426555, Hdac4, mHDA1, mKIAA0600;histone deacetylase 5;NM_001284250;369;3677;CDS;CNGG;GC;G;G;CAGG;CAGGAGGCUGAGAGGCAGGCCCUUCAGUCCCUG;G;C;((((.({(((({.((....)).}))))})))));((((.(((((((.((....)).)))))))))));13;2;1;1;3817;1529;1562;0,217;0,305;0,3;0,178;0,231;0,615;0,154;0,545;-16,48;0,401;A;;;;;;;0;;http://nibiru.tbi.univie.ac.at/forna/forna.html?id=fasta&file=>\nCAGGAGGCUGAGAGGCAGGCCCUUCAGUCCCUG\n((((.(((((((.((....)).)))))))))))
Hdac5;AI426555, Hdac4, mHDA1, mKIAA0600;histone deacetylase 5;NM_001284250;369;3677;CDS;CNGG;UG;C;U;CUGG;ACUUCUUUCCAGGCUCUGGGGCUCCUGAAGAGGU;A;U;(({(((({...{(({....}))}...}))))}));((((((((...((((....))))...))))))));12;4;0;1;3817;3039;3073;0,217;0,305;0,3;0,178;0,333;0,333;0,333;0,441;-10,23;0,796;U;;;;;;;0;;http://nibiru.tbi.univie.ac.at/forna/forna.html?id=fasta&file=>\nACUUCUUUCCAGGCUCUGGGGCUCCUGAAGAGGU\n((((((((...((((....))))...))))))))
Errfi1;1300002F13Rik, AI788755, Mig-6, Mig6, RALT;ERBB receptor feedback inhibitor 1;NM_001356323;384;1769;CDS;CNGG;CG;U;C;CAGG;GGUCUGCUCCAGGGAGCGGCC;C;A;((.({((((....))))})));((.((((((....))))))));8;1;1;0;3173;594;615;0,269;0,229;0,226;0,276;0,125;0,75;0,125;0,524;-10,69;0,187;A;;;;;;;0;;http://nibiru.tbi.univie.ac.at/forna/forna.html?id=fasta&file=>\nGGUCUGCUCCAGGGAGCGGCC\n((.((((((....))))))))
Errfi1;1300002F13Rik, AI788755, Mig-6, Mig6, RALT;ERBB receptor feedback inhibitor 1;NM_133753;276;1661;CDS;CNGG;CG;U;C;CAGG;GGUCUGCUCCAGGGAGCGGCC;C;A;((.({((((....))))})));((.((((((....))))))));8;1;1;0;3065;486;507;0,267;0,233;0,239;0,261;0,125;0,75;0,125;0,524;-10,69;0,159;A;;;;;;;0;;http://nibiru.tbi.univie.ac.at/forna/forna.html?id=fasta&file=>\nGGUCUGCUCCAGGGAGCGGCC\n((.((((((....))))))))
Ece1;AW322500, ECE-1, ECE-1a, ECE-1b, ECE-1c1, ECE-1d;endothelin converting enzyme 1;NM_001369178;127;2403;3'UTR;CNGG;GC;G;G;CAGG;AGCCCCUGGCAGGCCAUGCU;C;C;(((...(((....))).)));(((...(((....))).)));6;0;0;1;4725;4008;4028;0,244;0,283;0,263;0,211;0,333;0,667;0;0,45;-3,18;0,848;A;;;;;;;1;3753;http://nibiru.tbi.univie.ac.at/forna/forna.html?id=fasta&file=>\nAGCCCCUGGCAGGCCAUGCU\n(((...(((....))).)))
Epha1;5730453L17Rik, AL033318, Eph, Esk;Eph receptor A1;NM_023580;59;2992;CDS;CNGG;UG;G;U;CGGG;GUGCUUGCAGUGUCGGGGCAUUGCACAGGAU;A;G;{(.(((((({(({....}))})))).)).)};((.((((((((((....)))))))).)).));12;3;3;0;3273;1167;1198;0,231;0,272;0,28;0,217;0,417;0,333;0,25;0,548;-10,6;0,357;G;;;;;;;1;3249;http://nibiru.tbi.univie.ac.at/forna/forna.html?id=fasta&file=>\nGUGCUUGCAGUGUCGGGGCAUUGCACAGGAU\n((.((((((((((....)))))))).)).))
Ece1;AW322500, ECE-1, ECE-1a, ECE-1b, ECE-1c1, ECE-1d;endothelin converting enzyme 1;NM_001369179;103;2364;3'UTR;CNGG;GC;G;G;CAGG;AGCCCCUGGCAGGCCAUGCU;C;C;(((...(((....))).)));(((...(((....))).)));6;0;0;1;4686;3969;3989;0,246;0,282;0,264;0,208;0,333;0,667;0;0,45;-3,18;0,847;A;;;;;;;1;3714;http://nibiru.tbi.univie.ac.at/forna/forna.html?id=fasta&file=>\nAGCCCCUGGCAGGCCAUGCU\n(((...(((....))).)))
Ece1;AW322500, ECE-1, ECE-1a, ECE-1b, ECE-1c1, ECE-1d;endothelin converting enzyme 1;NM_001369177;25;2334;3'UTR;CNGG;GC;G;G;CAGG;AGCCCCUGGCAGGCCAUGCU;C;C;(((...(((....))).)));(((...(((....))).)));6;0;0;1;4656;3939;3959;0,245;0,282;0,265;0,208;0,333;0,667;0;0,45;-3,18;0,846;A;;;;;;;1;3684;http://nibiru.tbi.univie.ac.at/forna/forna.html?id=fasta&file=>\nAGCCCCUGGCAGGCCAUGCU\n(((...(((....))).)))
Ece1;AW322500, ECE-1, ECE-1a, ECE-1b, ECE-1c1, ECE-1d;endothelin converting enzyme 1;NM_199307;232;2493;3'UTR;CNGG;GC;G;G;CAGG;AGCCCCUGGCAGGCCAUGCU;C;C;(((...(((....))).)));(((...(((....))).)));6;0;0;1;4856;4098;4118;0,251;0,283;0,261;0,205;0,333;0,667;0;0,45;-3,18;0,844;A;;;;;;;1;3843;http://nibiru.tbi.univie.ac.at/forna/forna.html?id=fasta&file=>\nAGCCCCUGGCAGGCCAUGCU\n(((...(((....))).)))
Epha1;5730453L17Rik, AL033318, Eph, Esk;Eph receptor A1;NM_023580;59;2992;CDS;CNGGN;AU;C;A;CAGGA;GUCGGGGCAUUGCACAGGAUGGGGGUCCCUGC;U;C;({.((({(.{{.((.....)).}})}))).});((.(((((.((.((.....)).))))))).));11;4;3;1;3273;1178;1210;0,231;0,272;0,28;0,217;0,091;0,545;0,364;0,562;-9,68;0,36;A;A;;;;;;1;3249;http://nibiru.tbi.univie.ac.at/forna/forna.html?id=fasta&file=>\nGUCGGGGCAUUGCACAGGAUGGGGGUCCCUGC\n((.(((((.((.((.....)).))))))).))
Epha1;5730453L17Rik, AL033318, Eph, Esk;Eph receptor A1;NM_023580;59;2992;CDS;CNGGN;UA;A;U;CAGGC;ACUGGGCAUAGCAUCAGGCAUGAACUGCCUCAGU;U;G;((((((((...(((.....)))...)))).))));((((((((...(((.....)))...)))).))));11;0;1;1;3273;2250;2284;0,231;0,272;0,28;0,217;0,455;0,545;0;0,529;-10,2;0,687;A;C;;;;;;1;3249;http://nibiru.tbi.univie.ac.at/forna/forna.html?id=fasta&file=>\nACUGGGCAUAGCAUCAGGCAUGAACUGCCUCAGU\n((((((((...(((.....)))...)))).))))
Epha1;5730453L17Rik, AL033318, Eph, Esk;Eph receptor A1;NM_023580;59;2992;CDS;CNGGN;AU;U;A;CCGGU;CAUUGAAGAUGGGUACCGGUUGCCCCCUCCUGUG;G;G;(({...((..((({(.....)}))).))...}));(((...((..(((((.....))))).))...)));10;2;0;2;3273;2574;2608;0,231;0,272;0,28;0,217;0,3;0,5;0,2;0,441;-5,67;0,786;C;U;;;;;;1;3249;http://nibiru.tbi.univie.ac.at/forna/forna.html?id=fasta&file=>\nCAUUGAAGAUGGGUACCGGUUGCCCCCUCCUGUG\n(((...((..(((((.....))))).))...)))
Errfi1;1300002F13Rik, AI788755, Mig-6, Mig6, RALT;ERBB receptor feedback inhibitor 1;NM_133753;276;1661;3'UTR;CNGGN;GC;A;G;CUGGU;GGACAACACGAGCUGGUCUUGUGUUGCU;A;G;{(.(((((({((.....))})))))))};((.(((((((((.....)))))))))));11;2;1;0;3065;2542;2570;0,267;0,233;0,239;0,261;0,364;0,455;0,182;0,5;-10,6;0,829;U;U;;;;;;0;;http://nibiru.tbi.univie.ac.at/forna/forna.html?id=fasta&file=>\nGGACAACACGAGCUGGUCUUGUGUUGCU\n((.(((((((((.....)))))))))))
Errfi1;1300002F13Rik, AI788755, Mig-6, Mig6, RALT;ERBB receptor feedback inhibitor 1;NM_001356323;384;1769;3'UTR;CNGGN;GC;A;G;CUGGU;GGACAACACGAGCUGGUCUUGUGUUGCU;A;G;{(.(((((({((.....))})))))))};((.(((((((((.....)))))))))));11;2;1;0;3173;2650;2678;0,269;0,229;0,226;0,276;0,364;0,455;0,182;0,5;-10,6;0,835;U;U;;;;;;0;;http://nibiru.tbi.univie.ac.at/forna/forna.html?id=fasta&file=>\nGGACAACACGAGCUGGUCUUGUGUUGCU\n((.(((((((((.....)))))))))))
Hdac5;AI426555, Hdac4, mHDA1, mKIAA0600;histone deacetylase 5;NM_001284250;369;3677;CDS;CNGGN;GC;A;G;CUGGC;GGCUGCCUGGUGGAGCUGGCCUUCAAGGUGGCU;G;G;{(({{(((..(({((.....))})))))}}))};((((((((..(((((.....)))))))))))));13;4;1;0;3817;2759;2792;0,217;0,305;0,3;0,178;0,231;0,462;0,308;0,515;-13,26;0,723;U;C;;;;;;0;;http://nibiru.tbi.univie.ac.at/forna/forna.html?id=fasta&file=>\nGGCUGCCUGGUGGAGCUGGCCUUCAAGGUGGCU\n((((((((..(((((.....)))))))))))))
Hdac5;AI426555, Hdac4, mHDA1, mKIAA0600;histone deacetylase 5;NM_010412;369;3713;CDS;CNGGN;GC;A;G;CUGGC;GGCUGCCUGGUGGAGCUGGCCUUCAAGGUGGCU;G;G;{(({{(((..(({((.....))})))))}}))};((((((((..(((((.....)))))))))))));13;4;1;0;3813;2759;2792;0,216;0,305;0,301;0,178;0,231;0,462;0,308;0,515;-13,26;0,724;U;C;;;;;;0;;http://nibiru.tbi.univie.ac.at/forna/forna.html?id=fasta&file=>\nGGCUGCCUGGUGGAGCUGGCCUUCAAGGUGGCU\n((((((((..(((((.....)))))))))))))
Dvl1;Dvl, mKIAA4029;dishevelled segment polarity protein 1;NM_001356381;334;2058;3'UTR;CNGGN;CG;G;C;CGGGA;ACUCUCGGGCCGGGAGCAAGAGCAGU;G;G;((((((..((.....))..))).)));((((((..((.....))..))).)));8;0;1;1;3413;2074;2100;0,209;0,296;0,307;0,188;0,375;0,625;0;0,615;-6,57;0,608;G;A;;;;;;0;;http://nibiru.tbi.univie.ac.at/forna/forna.html?id=fasta&file=>\nACUCUCGGGCCGGGAGCAAGAGCAGU\n((((((..((.....))..))).)))
Ece1;AW322500, ECE-1, ECE-1a, ECE-1b, ECE-1c1, ECE-1d;endothelin converting enzyme 1;NM_001369178;127;2403;CDS;CNGGNN;UA;U;U;CGGGCC;AGGAGCUUCGGGCCAAGCCCCU;G;G;(((.((((......)))).)));(((.((((......)))).)));7;0;0;1;4725;664;686;0,244;0,283;0,263;0,211;0,429;0,571;0;0,5;-5,97;0,141;G;C;C;;;;;1;3753;http://nibiru.tbi.univie.ac.at/forna/forna.html?id=fasta&file=>\nAGGAGCUUCGGGCCAAGCCCCU\n(((.((((......)))).)))
Ece1;AW322500, ECE-1, ECE-1a, ECE-1b, ECE-1c1, ECE-1d;endothelin converting enzyme 1;NM_001369178;127;2403;3'UTR;CNGGNN;GC;U;G;CAGGCA;CCCGGAGUUUCCCUGCAGGCACAAGGACAUGGG;G;G;((({.....(((.((......)).)))..})));((((.....(((.((......)).)))..))));9;1;0;2;4725;4591;4624;0,244;0,283;0,263;0,211;0,222;0,667;0,111;0,545;-6,63;0,972;A;C;A;;;;;1;3753;http://nibiru.tbi.univie.ac.at/forna/forna.html?id=fasta&file=>\nCCCGGAGUUUCCCUGCAGGCACAAGGACAUGGG\n((((.....(((.((......)).)))..))))
Ece1;AW322500, ECE-1, ECE-1a, ECE-1b, ECE-1c1, ECE-1d;endothelin converting enzyme 1;NM_001369179;103;2364;5'UTR;CNGGNN;CG;G;C;CCGGGA;GGCCGUUCGGAGCCCGGGAGCGACGAUGUC;C;A;({(...(((..((......))..))).)});(((...(((..((......))..))).)));8;1;0;2;4686;77;107;0,246;0,282;0,264;0,208;0,125;0,75;0,125;0,567;-7,59;0,016;C;G;A;;;;;1;3714;http://nibiru.tbi.univie.ac.at/forna/forna.html?id=fasta&file=>\nGGCCGUUCGGAGCCCGGGAGCGACGAUGUC\n(((...(((..((......))..))).)))
Ece1;AW322500, ECE-1, ECE-1a, ECE-1b, ECE-1c1, ECE-1d;endothelin converting enzyme 1;NM_001369179;103;2364;CDS;CNGGNN;UA;U;U;CGGGCC;AGGAGCUUCGGGCCAAGCCCCU;G;G;(((.((((......)))).)));(((.((((......)))).)));7;0;0;1;4686;625;647;0,246;0,282;0,264;0,208;0,429;0,571;0;0,5;-5,97;0,133;G;C;C;;;;;1;3714;http://nibiru.tbi.univie.ac.at/forna/forna.html?id=fasta&file=>\nAGGAGCUUCGGGCCAAGCCCCU\n(((.((((......)))).)))
Ece1;AW322500, ECE-1, ECE-1a, ECE-1b, ECE-1c1, ECE-1d;endothelin converting enzyme 1;NM_001369179;103;2364;3'UTR;CNGGNN;GC;U;G;CAGGCA;CCCGGAGUUUCCCUGCAGGCACAAGGACAUGGG;G;G;((({.....(((.((......)).)))..})));((((.....(((.((......)).)))..))));9;1;0;2;4686;4552;4585;0,246;0,282;0,264;0,208;0,222;0,667;0,111;0,545;-6,63;0,971;A;C;A;;;;;1;3714;http://nibiru.tbi.univie.ac.at/forna/forna.html?id=fasta&file=>\nCCCGGAGUUUCCCUGCAGGCACAAGGACAUGGG\n((((.....(((.((......)).)))..))))
Ece1;AW322500, ECE-1, ECE-1a, ECE-1b, ECE-1c1, ECE-1d;endothelin converting enzyme 1;NM_001369179;103;2364;CDS;CNGGNNN;GC;U;G;CUGGUGA;GCGGCUGGUGGUGCUGGUGACGCUUCUGGCGGC;A;A;((.(({{(.{({(.......)})}.)}})).));((.(((((.((((.......)))).))))).));11;4;0;2;4686;251;284;0,246;0,282;0,264;0,208;0;0,636;0,364;0,515;-13,66;0,054;U;U;G;A;;;;1;3714;http://nibiru.tbi.univie.ac.at/forna/forna.html?id=fasta&file=>\nGCGGCUGGUGGUGCUGGUGACGCUUCUGGCGGC\n((.(((((.((((.......)))).))))).))
Ece1;AW322500, ECE-1, ECE-1a, ECE-1b, ECE-1c1, ECE-1d;endothelin converting enzyme 1;NM_001369179;103;2364;3'UTR;CNGGNNN;CG;C;C;CUGGCCU;CCUGUAGUUGCCCUGGCCUGGCUCCUGGG;G;A;(({..((..(((.......)))..))}));(((..((..(((.......)))..)))));8;1;1;1;4686;3428;3457;0,246;0,282;0,264;0,208;0,125;0,75;0,125;0,379;-5,49;0,732;U;C;C;U;;;;1;3714;http://nibiru.tbi.univie.ac.at/forna/forna.html?id=fasta&file=>\nCCUGUAGUUGCCCUGGCCUGGCUCCUGGG\n(((..((..(((.......)))..)))))
Ece1;AW322500, ECE-1, ECE-1a, ECE-1b, ECE-1c1, ECE-1d;endothelin converting enzyme 1;NM_001369177;25;2334;CDS;CNGGNN;UA;U;U;CGGGCC;AGGAGCUUCGGGCCAAGCCCCU;G;G;(((.((((......)))).)));(((.((((......)))).)));7;0;0;1;4656;595;617;0,245;0,282;0,265;0,208;0,429;0,571;0;0,5;-5,97;0,128;G;C;C;;;;;1;3684;http://nibiru.tbi.univie.ac.at/forna/forna.html?id=fasta&file=>\nAGGAGCUUCGGGCCAAGCCCCU\n(((.((((......)))).)))
Ece1;AW322500, ECE-1, ECE-1a, ECE-1b, ECE-1c1, ECE-1d;endothelin converting enzyme 1;NM_001369177;25;2334;3'UTR;CNGGNN;GC;U;G;CAGGCA;CCCGGAGUUUCCCUGCAGGCACAAGGACAUGGG;G;G;((({.....(((.((......)).)))..})));((((.....(((.((......)).)))..))));9;1;0;2;4656;4522;4555;0,245;0,282;0,265;0,208;0,222;0,667;0,111;0,545;-6,63;0,971;A;C;A;;;;;1;3684;http://nibiru.tbi.univie.ac.at/forna/forna.html?id=fasta&file=>\nCCCGGAGUUUCCCUGCAGGCACAAGGACAUGGG\n((((.....(((.((......)).)))..))))
Ece1;AW322500, ECE-1, ECE-1a, ECE-1b, ECE-1c1, ECE-1d;endothelin converting enzyme 1;NM_001369177;25;2334;CDS;CNGGNNN;GC;U;G;CUGGUGA;GCGGCUGGUGGUGCUGGUGACGCUUCUGGCGGC;A;A;((.(({{(.{({(.......)})}.)}})).));((.(((((.((((.......)))).))))).));11;4;0;2;4656;221;254;0,245;0,282;0,265;0,208;0;0,636;0,364;0,515;-13,66;0,047;U;U;G;A;;;;1;3684;http://nibiru.tbi.univie.ac.at/forna/forna.html?id=fasta&file=>\nGCGGCUGGUGGUGCUGGUGACGCUUCUGGCGGC\n((.(((((.((((.......)))).))))).))
Ece1;AW322500, ECE-1, ECE-1a, ECE-1b, ECE-1c1, ECE-1d;endothelin converting enzyme 1;NM_001369177;25;2334;3'UTR;CNGGNNN;CG;C;C;CUGGCCU;CCUGUAGUUGCCCUGGCCUGGCUCCUGGG;G;A;(({..((..(((.......)))..))}));(((..((..(((.......)))..)))));8;1;1;1;4656;3398;3427;0,245;0,282;0,265;0,208;0,125;0,75;0,125;0,379;-5,49;0,73;U;C;C;U;;;;1;3684;http://nibiru.tbi.univie.ac.at/forna/forna.html?id=fasta&file=>\nCCUGUAGUUGCCCUGGCCUGGCUCCUGGG\n(((..((..(((.......)))..)))))
Ece1;AW322500, ECE-1, ECE-1a, ECE-1b, ECE-1c1, ECE-1d;endothelin converting enzyme 1;NM_001369179;103;2364;CDS;CNGGNNNN;GC;A;G;CUGGAAUA;GAUCGUGUUUCCAGCUGGAAUACUGCAGGCGCCAUU;A;U;{((.({({{(.(((........))).)}})}).))};(((.((((((.(((........))).)))))).)));12;4;0;2;4686;1775;1811;0,246;0,282;0,264;0,208;0,333;0,333;0,333;0,472;-7,42;0,379;U;A;A;U;A;;;1;3714;http://nibiru.tbi.univie.ac.at/forna/forna.html?id=fasta&file=>\nGAUCGUGUUUCCAGCUGGAAUACUGCAGGCGCCAUU\n(((.((((((.(((........))).)))))).)))
Epha1;5730453L17Rik, AL033318, Eph, Esk;Eph receptor A1;NM_023580;59;2992;CDS;CNGGNNNN;CG;C;C;CUGGACCU;GACACUCUCCCUGGACCUGGAGGGUUGGUU;U;G;{(((({((((........))))}))..))};((((((((((........)))))))..)));10;2;1;0;3273;706;736;0,231;0,272;0,28;0,217;0,3;0,5;0,2;0,467;-9,17;0,216;U;A;C;C;U;;;1;3249;http://nibiru.tbi.univie.ac.at/forna/forna.html?id=fasta&file=>\nGACACUCUCCCUGGACCUGGAGGGUUGGUU\n((((((((((........)))))))..)))
Ece1;AW322500, ECE-1, ECE-1a, ECE-1b, ECE-1c1, ECE-1d;endothelin converting enzyme 1;NM_001369178;127;2403;CDS;CNGGNNN;GC;U;G;CUGGUGA;GCGGCUGGUGGUGCUGGUGACGCUUCUGGCGGC;A;A;((.(({{(.{({(.......)})}.)}})).));((.(((((.((((.......)))).))))).));11;4;0;2;4725;290;323;0,244;0,283;0,263;0,211;0;0,636;0,364;0,515;-13,66;0,061;U;U;G;A;;;;1;3753;http://nibiru.tbi.univie.ac.at/forna/forna.html?id=fasta&file=>\nGCGGCUGGUGGUGCUGGUGACGCUUCUGGCGGC\n((.(((((.((((.......)))).))))).))
Ece1;AW322500, ECE-1, ECE-1a, ECE-1b, ECE-1c1, ECE-1d;endothelin converting enzyme 1;NM_001369178;127;2403;3'UTR;CNGGNNN;CG;C;C;CUGGCCU;CCUGUAGUUGCCCUGGCCUGGCUCCUGGG;G;A;(({..((..(((.......)))..))}));(((..((..(((.......)))..)))));8;1;1;1;4725;3467;3496;0,244;0,283;0,263;0,211;0,125;0,75;0,125;0,379;-5,49;0,734;U;C;C;U;;;;1;3753;http://nibiru.tbi.univie.ac.at/forna/forna.html?id=fasta&file=>\nCCUGUAGUUGCCCUGGCCUGGCUCCUGGG\n(((..((..(((.......)))..)))))
Ece1;AW322500, ECE-1, ECE-1a, ECE-1b, ECE-1c1, ECE-1d;endothelin converting enzyme 1;NM_001369178;127;2403;CDS;CNGGNNNN;GC;A;G;CUGGAAUA;GAUCGUGUUUCCAGCUGGAAUACUGCAGGCGCCAUU;A;U;{((.({({{(.(((........))).)}})}).))};(((.((((((.(((........))).)))))).)));12;4;0;2;4725;1814;1850;0,244;0,283;0,263;0,211;0,333;0,333;0,333;0,472;-7,42;0,384;U;A;A;U;A;;;1;3753;http://nibiru.tbi.univie.ac.at/forna/forna.html?id=fasta&file=>\nGAUCGUGUUUCCAGCUGGAAUACUGCAGGCGCCAUU\n(((.((((((.(((........))).)))))).)))
Epha1;5730453L17Rik, AL033318, Eph, Esk;Eph receptor A1;NM_023580;59;2992;CDS;CNGGNNNNN;CG;U;C;CAGGCCUAU;CUAUGUGGACCUCCAGGCCUAUGAGGACCCUGCACAG;C;G;((.(({{(.((((.........))))...)}})).));((.(((((.((((.........))))...))))).));11;2;0;2;3273;1854;1891;0,231;0,272;0,28;0,217;0,273;0,545;0,182;0,486;-7,17;0,566;A;C;C;U;A;U;;1;3249;http://nibiru.tbi.univie.ac.at/forna/forna.html?id=fasta&file=>\nCUAUGUGGACCUCCAGGCCUAUGAGGACCCUGCACAG\n((.(((((.((((.........))))...))))).))
Ece1;AW322500, ECE-1, ECE-1a, ECE-1b, ECE-1c1, ECE-1d;endothelin converting enzyme 1;NM_001369177;25;2334;CDS;CNGGNNNN;GC;A;G;CUGGAAUA;GAUCGUGUUUCCAGCUGGAAUACUGCAGGCGCCAUU;A;U;{((.({({{(.(((........))).)}})}).))};(((.((((((.(((........))).)))))).)));12;4;0;2;4656;1745;1781;0,245;0,282;0,265;0,208;0,333;0,333;0,333;0,472;-7,42;0,375;U;A;A;U;A;;;1;3684;http://nibiru.tbi.univie.ac.at/forna/forna.html?id=fasta&file=>\nGAUCGUGUUUCCAGCUGGAAUACUGCAGGCGCCAUU\n(((.((((((.(((........))).)))))).)))
Ece1;AW322500, ECE-1, ECE-1a, ECE-1b, ECE-1c1, ECE-1d;endothelin converting enzyme 1;NM_199307;232;2493;5'UTR;CNGGNN;CG;G;C;CCGGGA;GGCCGUUCGGAGCCCGGGAGCGACGGCGCAGCC;C;U;(((.({{((..((......))..))}.}).)));(((.(((((..((......))..))).)).)));10;2;3;1;4856;120;153;0,251;0,283;0,261;0,205;0;0,8;0,2;0,576;-11,16;0,025;C;G;A;;;;;1;3843;http://nibiru.tbi.univie.ac.at/forna/forna.html?id=fasta&file=>\nGGCCGUUCGGAGCCCGGGAGCGACGGCGCAGCC\n(((.(((((..((......))..))).)).)))
Ece1;AW322500, ECE-1, ECE-1a, ECE-1b, ECE-1c1, ECE-1d;endothelin converting enzyme 1;NM_199307;232;2493;CDS;CNGGNN;UA;U;U;CGGGCC;AGGAGCUUCGGGCCAAGCCCCU;G;G;(((.((((......)))).)));(((.((((......)))).)));7;0;0;1;4856;754;776;0,251;0,283;0,261;0,205;0,429;0,571;0;0,5;-5,97;0,155;G;C;C;;;;;1;3843;http://nibiru.tbi.univie.ac.at/forna/forna.html?id=fasta&file=>\nAGGAGCUUCGGGCCAAGCCCCU\n(((.((((......)))).)))
Ece1;AW322500, ECE-1, ECE-1a, ECE-1b, ECE-1c1, ECE-1d;endothelin converting enzyme 1;NM_199307;232;2493;3'UTR;CNGGNN;GC;U;G;CAGGCA;CCCGGAGUUUCCCUGCAGGCACAAGGACAUGGG;G;G;((({.....(((.((......)).)))..})));((((.....(((.((......)).)))..))));9;1;0;2;4856;4681;4714;0,251;0,283;0,261;0,205;0,222;0,667;0,111;0,545;-6,63;0,964;A;C;A;;;;;1;3843;http://nibiru.tbi.univie.ac.at/forna/forna.html?id=fasta&file=>\nCCCGGAGUUUCCCUGCAGGCACAAGGACAUGGG\n((((.....(((.((......)).)))..))))
Ece1;AW322500, ECE-1, ECE-1a, ECE-1b, ECE-1c1, ECE-1d;endothelin converting enzyme 1;NM_199307;232;2493;CDS;CNGGNNN;GC;U;G;CUGGUGA;GCGGCUGGUGGUGCUGGUGACGCUUCUGGCGGC;A;A;((.(({{(.{({(.......)})}.)}})).));((.(((((.((((.......)))).))))).));11;4;0;2;4856;380;413;0,251;0,283;0,261;0,205;0;0,636;0,364;0,515;-13,66;0,078;U;U;G;A;;;;1;3843;http://nibiru.tbi.univie.ac.at/forna/forna.html?id=fasta&file=>\nGCGGCUGGUGGUGCUGGUGACGCUUCUGGCGGC\n((.(((((.((((.......)))).))))).))
Ece1;AW322500, ECE-1, ECE-1a, ECE-1b, ECE-1c1, ECE-1d;endothelin converting enzyme 1;NM_199307;232;2493;3'UTR;CNGGNNN;CG;C;C;CUGGCCU;CCUGUAGUUGCCCUGGCCUGGCUCCUGGG;G;A;(({..((..(((.......)))..))}));(((..((..(((.......)))..)))));8;1;1;1;4856;3557;3586;0,251;0,283;0,261;0,205;0,125;0,75;0,125;0,379;-5,49;0,732;U;C;C;U;;;;1;3843;http://nibiru.tbi.univie.ac.at/forna/forna.html?id=fasta&file=>\nCCUGUAGUUGCCCUGGCCUGGCUCCUGGG\n(((..((..(((.......)))..)))))
Ece1;AW322500, ECE-1, ECE-1a, ECE-1b, ECE-1c1, ECE-1d;endothelin converting enzyme 1;NM_199307;232;2493;CDS;CNGGNNNN;GC;A;G;CUGGAAUA;GAUCGUGUUUCCAGCUGGAAUACUGCAGGCGCCAUU;A;U;{((.({({{(.(((........))).)}})}).))};(((.((((((.(((........))).)))))).)));12;4;0;2;4856;1904;1940;0,251;0,283;0,261;0,205;0,333;0,333;0,333;0,472;-7,42;0,392;U;A;A;U;A;;;1;3843;http://nibiru.tbi.univie.ac.at/forna/forna.html?id=fasta&file=>\nGAUCGUGUUUCCAGCUGGAAUACUGCAGGCGCCAUU\n(((.((((((.(((........))).)))))).)))
Hdac5;AI426555, Hdac4, mHDA1, mKIAA0600;histone deacetylase 5;NM_001284249;604;3825;CDS;CNGG;GC;G;G;CAGG;CAGGAGGCUGAGAGGCAGGCCCUUCAGUCCCUG;G;C;((((.({(((({.((....)).}))))})))));((((.(((((((.((....)).)))))))))));13;2;1;1;3925;1641;1674;0,214;0,305;0,3;0,182;0,231;0,615;0,154;0,545;-16,48;0,418;A;;;;;;;0;;http://nibiru.tbi.univie.ac.at/forna/forna.html?id=fasta&file=>\nCAGGAGGCUGAGAGGCAGGCCCUUCAGUCCCUG\n((((.(((((((.((....)).)))))))))))
Hdac5;AI426555, Hdac4, mHDA1, mKIAA0600;histone deacetylase 5;NM_001284249;604;3825;CDS;CNGG;UG;C;U;CUGG;ACUUCUUUCCAGGCUCUGGGGCUCCUGAAGAGGU;A;U;(({(((({...{(({....}))}...}))))}));((((((((...((((....))))...))))))));12;4;0;1;3925;3151;3185;0,214;0,305;0,3;0,182;0,333;0,333;0,333;0,441;-10,23;0,803;U;;;;;;;0;;http://nibiru.tbi.univie.ac.at/forna/forna.html?id=fasta&file=>\nACUUCUUUCCAGGCUCUGGGGCUCCUGAAGAGGU\n((((((((...((((....))))...))))))))
Immt;1700082C19Rik, D830041H16Rik, HMP, Micos60, P87, P87/89, P89;inner membrane protein, mitochondrial;NM_001362138;152;2296;CDS;CNGGN;UG;A;U;CCGGC;GGCCUGUCAGUUAUCCGGCGUGACCGUCGCGGCC;G;C;(((({(...(({({.....})}))...)}.))));((((((...(((((.....)))))...)).))));11;3;1;1;2632;159;193;0,285;0,238;0,253;0,223;0,182;0,545;0,273;0,441;-9,64;0,06;C;C;;;;;;0;;http://nibiru.tbi.univie.ac.at/forna/forna.html?id=fasta&file=>\nGGCCUGUCAGUUAUCCGGCGUGACCGUCGCGGCC\n((((((...(((((.....)))))...)).))))
Hdac5;AI426555, Hdac4, mHDA1, mKIAA0600;histone deacetylase 5;NM_001361596;607;3828;CDS;CNGG;GC;G;G;CAGG;CAGGAGGCUGAGAGGCAGGCCCUUCAGUCCCUG;G;C;((((.({(((({.((....)).}))))})))));((((.(((((((.((....)).)))))))))));13;2;1;1;3928;1644;1677;0,214;0,305;0,3;0,182;0,231;0,615;0,154;0,545;-16,48;0,419;A;;;;;;;0;;http://nibiru.tbi.univie.ac.at/forna/forna.html?id=fasta&file=>\nCAGGAGGCUGAGAGGCAGGCCCUUCAGUCCCUG\n((((.(((((((.((....)).)))))))))))
Hdac5;AI426555, Hdac4, mHDA1, mKIAA0600;histone deacetylase 5;NM_001361596;607;3828;CDS;CNGG;UG;C;U;CUGG;ACUUCUUUCCAGGCUCUGGGGCUCCUGAAGAGGU;A;U;(({(((({...{(({....}))}...}))))}));((((((((...((((....))))...))))))));12;4;0;1;3928;3154;3188;0,214;0,305;0,3;0,182;0,333;0,333;0,333;0,441;-10,23;0,803;U;;;;;;;0;;http://nibiru.tbi.univie.ac.at/forna/forna.html?id=fasta&file=>\nACUUCUUUCCAGGCUCUGGGGCUCCUGAAGAGGU\n((((((((...((((....))))...))))))))
Hdac5;AI426555, Hdac4, mHDA1, mKIAA0600;histone deacetylase 5;NM_001284248;827;4192;CDS;CNGG;GC;G;G;CAGG;CAGGAGGCUGAGAGGCAGGCCCUUCAGUCCCUG;G;C;((((.({(((({.((....)).}))))})))));((((.(((((((.((....)).)))))))))));13;2;1;1;4332;2044;2077;0,212;0,306;0,301;0,18;0,231;0,615;0,154;0,545;-16,48;0,472;A;;;;;;;0;;http://nibiru.tbi.univie.ac.at/forna/forna.html?id=fasta&file=>\nCAGGAGGCUGAGAGGCAGGCCCUUCAGUCCCUG\n((((.(((((((.((....)).)))))))))))
Hdac5;AI426555, Hdac4, mHDA1, mKIAA0600;histone deacetylase 5;NM_001284248;827;4192;CDS;CNGG;UG;C;U;CUGG;ACUUCUUUCCAGGCUCUGGGGCUCCUGAAGAGGU;A;U;(({(((({...{(({....}))}...}))))}));((((((((...((((....))))...))))))));12;4;0;1;4332;3554;3588;0,212;0,306;0,301;0,18;0,333;0,333;0,333;0,441;-10,23;0,82;U;;;;;;;0;;http://nibiru.tbi.univie.ac.at/forna/forna.html?id=fasta&file=>\nACUUCUUUCCAGGCUCUGGGGCUCCUGAAGAGGU\n((((((((...((((....))))...))))))))
Hdac5;AI426555, Hdac4, mHDA1, mKIAA0600;histone deacetylase 5;NM_001077696;369;3716;CDS;CNGG;GC;G;G;CAGG;CAGGAGGCUGAGAGGCAGGCCCUUCAGUCCCUG;G;C;((((.({(((({.((....)).}))))})))));((((.(((((((.((....)).)))))))))));13;2;1;1;3816;1532;1565;0,216;0,305;0,301;0,178;0,231;0,615;0,154;0,545;-16,48;0,401;A;;;;;;;0;;http://nibiru.tbi.univie.ac.at/forna/forna.html?id=fasta&file=>\nCAGGAGGCUGAGAGGCAGGCCCUUCAGUCCCUG\n((((.(((((((.((....)).)))))))))))
Hdac5;AI426555, Hdac4, mHDA1, mKIAA0600;histone deacetylase 5;NM_001077696;369;3716;CDS;CNGG;UG;C;U;CUGG;ACUUCUUUCCAGGCUCUGGGGCUCCUGAAGAGGU;A;U;(({(((({...{(({....}))}...}))))}));((((((((...((((....))))...))))))));12;4;0;1;3816;3042;3076;0,216;0,305;0,301;0,178;0,333;0,333;0,333;0,441;-10,23;0,797;U;;;;;;;0;;http://nibiru.tbi.univie.ac.at/forna/forna.html?id=fasta&file=>\nACUUCUUUCCAGGCUCUGGGGCUCCUGAAGAGGU\n((((((((...((((....))))...))))))))
Hdac5;AI426555, Hdac4, mHDA1, mKIAA0600;histone deacetylase 5;NM_001284248;827;4192;CDS;CNGGN;GC;A;G;CUGGC;GGCUGCCUGGUGGAGCUGGCCUUCAAGGUGGCU;G;G;{(({{(((..(({((.....))})))))}}))};((((((((..(((((.....)))))))))))));13;4;1;0;4332;3274;3307;0,212;0,306;0,301;0,18;0,231;0,462;0,308;0,515;-13,26;0,756;U;C;;;;;;0;;http://nibiru.tbi.univie.ac.at/forna/forna.html?id=fasta&file=>\nGGCUGCCUGGUGGAGCUGGCCUUCAAGGUGGCU\n((((((((..(((((.....)))))))))))))
Immt;1700082C19Rik, D830041H16Rik, HMP, Micos60, P87, P87/89, P89;inner membrane protein, mitochondrial;NM_001253686;152;2377;CDS;CNGGN;UG;A;U;CCGGC;GGCCUGUCAGUUAUCCGGCGUGACCGUCGCGGCC;G;C;(((({(...(({({.....})}))...)}.))));((((((...(((((.....)))))...)).))));11;3;1;1;2729;159;193;0,291;0,236;0,253;0,219;0,182;0,545;0,273;0,441;-9,64;0,058;C;C;;;;;;0;;http://nibiru.tbi.univie.ac.at/forna/forna.html?id=fasta&file=>\nGGCCUGUCAGUUAUCCGGCGUGACCGUCGCGGCC\n((((((...(((((.....)))))...)).))))
Immt;1700082C19Rik, D830041H16Rik, HMP, Micos60, P87, P87/89, P89;inner membrane protein, mitochondrial;NM_001253681;152;2392;CDS;CNGGN;UG;A;U;CCGGC;GGCCUGUCAGUUAUCCGGCGUGACCGUCGCGGCC;G;C;(((({(...(({({.....})}))...)}.))));((((((...(((((.....)))))...)).))));11;3;1;1;2744;159;193;0,291;0,236;0,253;0,22;0,182;0,545;0,273;0,441;-9,64;0,058;C;C;;;;;;0;;http://nibiru.tbi.univie.ac.at/forna/forna.html?id=fasta&file=>\nGGCCUGUCAGUUAUCCGGCGUGACCGUCGCGGCC\n((((((...(((((.....)))))...)).))))
Immt;1700082C19Rik, D830041H16Rik, HMP, Micos60, P87, P87/89, P89;inner membrane protein, mitochondrial;NM_001253687;152;2281;CDS;CNGGN;UG;A;U;CCGGC;GGCCUGUCAGUUAUCCGGCGUGACCGUCGCGGCC;G;C;(((({(...(({({.....})}))...)}.))));((((((...(((((.....)))))...)).))));11;3;1;1;2633;159;193;0,29;0,237;0,252;0,221;0,182;0,545;0,273;0,441;-9,64;0,06;C;C;;;;;;0;;http://nibiru.tbi.univie.ac.at/forna/forna.html?id=fasta&file=>\nGGCCUGUCAGUUAUCCGGCGUGACCGUCGCGGCC\n((((((...(((((.....)))))...)).))))
Immt;1700082C19Rik, D830041H16Rik, HMP, Micos60, P87, P87/89, P89;inner membrane protein, mitochondrial;NM_029673;152;2425;CDS;CNGGN;UG;A;U;CCGGC;GGCCUGUCAGUUAUCCGGCGUGACCGUCGCGGCC;G;C;(((({(...(({({.....})}))...)}.))));((((((...(((((.....)))))...)).))));11;3;1;1;2777;159;193;0,291;0,236;0,252;0,221;0,182;0,545;0,273;0,441;-9,64;0,057;C;C;;;;;;0;;http://nibiru.tbi.univie.ac.at/forna/forna.html?id=fasta&file=>\nGGCCUGUCAGUUAUCCGGCGUGACCGUCGCGGCC\n((((((...(((((.....)))))...)).))))
Hdac5;AI426555, Hdac4, mHDA1, mKIAA0600;histone deacetylase 5;NM_001361596;607;3828;CDS;CNGGN;GC;A;G;CUGGC;GGCUGCCUGGUGGAGCUGGCCUUCAAGGUGGCU;G;G;{(({{(((..(({((.....))})))))}}))};((((((((..(((((.....)))))))))))));13;4;1;0;3928;2874;2907;0,214;0,305;0,3;0,182;0,231;0,462;0,308;0,515;-13,26;0,732;U;C;;;;;;0;;http://nibiru.tbi.univie.ac.at/forna/forna.html?id=fasta&file=>\nGGCUGCCUGGUGGAGCUGGCCUUCAAGGUGGCU\n((((((((..(((((.....)))))))))))))
Immt;1700082C19Rik, D830041H16Rik, HMP, Micos60, P87, P87/89, P89;inner membrane protein, mitochondrial;NM_001253688;152;2191;CDS;CNGGN;UG;A;U;CCGGC;GGCCUGUCAGUUAUCCGGCGUGACCGUCGCGGCC;G;C;(((({(...(({({.....})}))...)}.))));((((((...(((((.....)))))...)).))));11;3;1;1;2543;159;193;0,287;0,235;0,254;0,223;0,182;0,545;0,273;0,441;-9,64;0,063;C;C;;;;;;0;;http://nibiru.tbi.univie.ac.at/forna/forna.html?id=fasta&file=>\nGGCCUGUCAGUUAUCCGGCGUGACCGUCGCGGCC\n((((((...(((((.....)))))...)).))))
Immt;1700082C19Rik, D830041H16Rik, HMP, Micos60, P87, P87/89, P89;inner membrane protein, mitochondrial;NM_001253689;152;1564;CDS;CNGGN;UG;A;U;CCGGC;GGCCUGUCAGUUAUCCGGCGUGACCGUCGCGGCC;G;C;(((({(...(({({.....})}))...)}.))));((((((...(((((.....)))))...)).))));11;3;1;1;2514;159;193;0,288;0,237;0,252;0,223;0,182;0,545;0,273;0,441;-9,64;0,063;C;C;;;;;;0;;http://nibiru.tbi.univie.ac.at/forna/forna.html?id=fasta&file=>\nGGCCUGUCAGUUAUCCGGCGUGACCGUCGCGGCC\n((((((...(((((.....)))))...)).))))
Immt;1700082C19Rik, D830041H16Rik, HMP, Micos60, P87, P87/89, P89;inner membrane protein, mitochondrial;NM_001362134;152;2314;CDS;CNGGN;UG;A;U;CCGGC;GGCCUGUCAGUUAUCCGGCGUGACCGUCGCGGCC;G;C;(((({(...(({({.....})}))...)}.))));((((((...(((((.....)))))...)).))));11;3;1;1;2650;159;193;0,285;0,238;0,253;0,223;0,182;0,545;0,273;0,441;-9,64;0,06;C;C;;;;;;0;;http://nibiru.tbi.univie.ac.at/forna/forna.html?id=fasta&file=>\nGGCCUGUCAGUUAUCCGGCGUGACCGUCGCGGCC\n((((((...(((((.....)))))...)).))))
Immt;1700082C19Rik, D830041H16Rik, HMP, Micos60, P87, P87/89, P89;inner membrane protein, mitochondrial;NM_001362136;152;2389;CDS;CNGGN;UG;A;U;CCGGC;GGCCUGUCAGUUAUCCGGCGUGACCGUCGCGGCC;G;C;(((({(...(({({.....})}))...)}.))));((((((...(((((.....)))))...)).))));11;3;1;1;2725;159;193;0,287;0,237;0,254;0,222;0,182;0,545;0,273;0,441;-9,64;0,058;C;C;;;;;;0;;http://nibiru.tbi.univie.ac.at/forna/forna.html?id=fasta&file=>\nGGCCUGUCAGUUAUCCGGCGUGACCGUCGCGGCC\n((((((...(((((.....)))))...)).))))
Immt;1700082C19Rik, D830041H16Rik, HMP, Micos60, P87, P87/89, P89;inner membrane protein, mitochondrial;NM_001362137;152;2329;CDS;CNGGN;UG;A;U;CCGGC;GGCCUGUCAGUUAUCCGGCGUGACCGUCGCGGCC;G;C;(((({(...(({({.....})}))...)}.))));((((((...(((((.....)))))...)).))));11;3;1;1;2665;159;193;0,285;0,238;0,253;0,224;0,182;0,545;0,273;0,441;-9,64;0,06;C;C;;;;;;0;;http://nibiru.tbi.univie.ac.at/forna/forna.html?id=fasta&file=>\nGGCCUGUCAGUUAUCCGGCGUGACCGUCGCGGCC\n((((((...(((((.....)))))...)).))))
Hdac5;AI426555, Hdac4, mHDA1, mKIAA0600;histone deacetylase 5;NM_001284249;604;3825;CDS;CNGGN;GC;A;G;CUGGC;GGCUGCCUGGUGGAGCUGGCCUUCAAGGUGGCU;G;G;{(({{(((..(({((.....))})))))}}))};((((((((..(((((.....)))))))))))));13;4;1;0;3925;2871;2904;0,214;0,305;0,3;0,182;0,231;0,462;0,308;0,515;-13,26;0,731;U;C;;;;;;0;;http://nibiru.tbi.univie.ac.at/forna/forna.html?id=fasta&file=>\nGGCUGCCUGGUGGAGCUGGCCUUCAAGGUGGCU\n((((((((..(((((.....)))))))))))))
Hdac5;AI426555, Hdac4, mHDA1, mKIAA0600;histone deacetylase 5;NM_001077696;369;3716;CDS;CNGGN;GC;A;G;CUGGC;GGCUGCCUGGUGGAGCUGGCCUUCAAGGUGGCU;G;G;{(({{(((..(({((.....))})))))}}))};((((((((..(((((.....)))))))))))));13;4;1;0;3816;2762;2795;0,216;0,305;0,301;0,178;0,231;0,462;0,308;0,515;-13,26;0,724;U;C;;;;;;0;;http://nibiru.tbi.univie.ac.at/forna/forna.html?id=fasta&file=>\nGGCUGCCUGGUGGAGCUGGCCUUCAAGGUGGCU\n((((((((..(((((.....)))))))))))))
Ncln;3100002P13Rik, AW120537;nicalin;NM_134009;101;1792;3'UTR;CNGG;CG;G;C;CCGG;GGAUGGAAUGAUGGCCCGGGCCACGUGCACU;G;G;{(.((..({(.((((....)))))}).)))};((.((..(((.((((....))))))).))));11;2;4;0;2893;1965;1996;0,193;0,316;0,292;0,199;0,273;0,545;0,182;0,581;-6,12;0,679;C;;;;;;;0;;http://nibiru.tbi.univie.ac.at/forna/forna.html?id=fasta&file=>\nGGAUGGAAUGAUGGCCCGGGCCACGUGCACU\n((.((..(((.((((....))))))).))))
Ncln;3100002P13Rik, AW120537;nicalin;NM_134009;101;1792;3'UTR;CNGGN;CG;C;C;CAGGA;GGUGGCCCAGGAGGUACU;A;A;{(({.((.....))}))};((((.((.....))))));6;2;1;0;2893;1807;1825;0,193;0,316;0,292;0,199;0,167;0,5;0,333;0,611;-2,31;0,625;A;A;;;;;;0;;http://nibiru.tbi.univie.ac.at/forna/forna.html?id=fasta&file=>\nGGUGGCCCAGGAGGUACU\n((((.((.....))))))
Myo1b;AA406997, MIH-L, MMIa;myosin IB;NM_001161817;228;3638;CDS;CNGG;UA;G;U;CUGG;AACUAUCUGAGUCUGGACUCUGCUAAAGUU;C;A;((((....((((....))))......))));((((....((((....))))......))));8;0;0;1;5053;923;953;0,29;0,204;0,244;0,261;0,625;0,375;0;0,467;-2,6;0,183;U;;;;;;;1;4770;http://nibiru.tbi.univie.ac.at/forna/forna.html?id=fasta&file=>\nAACUAUCUGAGUCUGGACUCUGCUAAAGUU\n((((....((((....))))......))))
Myo1b;AA406997, MIH-L, MMIa;myosin IB;NM_010863;228;3551;CDS;CNGG;UA;G;U;CUGG;AACUAUCUGAGUCUGGACUCUGCUAAAGUU;C;A;((((....((((....))))......))));((((....((((....))))......))));8;0;0;1;4966;923;953;0,291;0,205;0,242;0,262;0,625;0,375;0;0,467;-2,6;0,186;U;;;;;;;1;4683;http://nibiru.tbi.univie.ac.at/forna/forna.html?id=fasta&file=>\nAACUAUCUGAGUCUGGACUCUGCUAAAGUU\n((((....((((....))))......))))
Myo1b;AA406997, MIH-L, MMIa;myosin IB;NM_001290982;228;3464;CDS;CNGG;UA;G;U;CUGG;AACUAUCUGAGUCUGGACUCUGCUAAAGUU;C;A;((((....((((....))))......))));((((....((((....))))......))));8;0;0;1;4879;923;953;0,292;0,206;0,24;0,263;0,625;0,375;0;0,467;-2,6;0,189;U;;;;;;;1;4596;http://nibiru.tbi.univie.ac.at/forna/forna.html?id=fasta&file=>\nAACUAUCUGAGUCUGGACUCUGCUAAAGUU\n((((....((((....))))......))))
Myo1b;AA406997, MIH-L, MMIa;myosin IB;NM_001290982;228;3464;CDS;CNGGN;GU;A;G;CGGGA;GCUGGAGCGGGAUUUCAGC;A;A;(((({({.....})}))));(((((((.....)))))));7;2;0;0;4879;898;917;0,292;0,206;0,24;0,263;0,286;0,429;0,286;0,579;-6,33;0,184;G;A;;;;;;1;4596;http://nibiru.tbi.univie.ac.at/forna/forna.html?id=fasta&file=>\nGCUGGAGCGGGAUUUCAGC\n(((((((.....)))))))
Egfl3;2600001P17Rik, MGC49785;null;NM_172273;439;2079;5'UTR;CNGG;GC;A;G;CUGG;CCUGCCCAGCUGGCUGGAGGGG;A;A;(({..((((....))))..}));(((..((((....))))..)));7;1;0;1;3402;163;185;0,193;0,281;0,309;0,217;0,143;0,714;0,143;0,545;-8,44;0,048;U;;;;;;;0;;http://nibiru.tbi.univie.ac.at/forna/forna.html?id=fasta&file=>\nCCUGCCCAGCUGGCUGGAGGGG\n(((..((((....))))..)))
Megf6;2600001P17Rik, Egfl3;multiple EGF-like-domains 6;NM_001162977;312;5030;CDS;CNGG;GC;U;G;CGGG;GUCGGGCUGCGGGCAGCAGGC;G;A;({(..((((....)))).)});(((..((((....)))).)));7;1;0;1;6876;520;541;0,187;0,283;0,318;0,212;0,143;0,714;0,143;0,619;-6,97;0,076;G;;;;;;;0;;http://nibiru.tbi.univie.ac.at/forna/forna.html?id=fasta&file=>\nGUCGGGCUGCGGGCAGCAGGC\n(((..((((....)))).)))
Megf6;2600001P17Rik, Egfl3;multiple EGF-like-domains 6;NM_001162977;312;5030;CDS;CNGG;GC;A;G;CUGG;CCUGCCCAGCUGGCUGGAGGGG;A;A;(({..((((....))))..}));(((..((((....))))..)));7;1;0;1;6876;3114;3136;0,187;0,283;0,318;0,212;0,143;0,714;0,143;0,545;-8,44;0,453;U;;;;;;;0;;http://nibiru.tbi.univie.ac.at/forna/forna.html?id=fasta&file=>\nCCUGCCCAGCUGGCUGGAGGGG\n(((..((((....))))..)))
Iqgap1;AA682088, D7Ertd237e, D7Ertd257e, mKIAA0051;IQ motif containing GTPase activating protein 1;NM_016721;137;5110;3'UTR;CNGGN;CG;U;C;CUGGU;CCUUCCUGGUGAAGG;C;C;(((((.....)))));(((((.....)))));5;0;0;0;7377;5689;5704;0,283;0,241;0,248;0,229;0,4;0,6;0;0,467;-4,3;0,771;U;U;;;;;;0;;http://nibiru.tbi.univie.ac.at/forna/forna.html?id=fasta&file=>\nCCUUCCUGGUGAAGG\n(((((.....)))))
Megf6;2600001P17Rik, Egfl3;multiple EGF-like-domains 6;NM_001162977;312;5030;CDS;CNGGN;GC;U;G;CCGGC;GUUGCACCUGCCGGCCAGGUGUGGC;C;C;({{{((((((.....))))))}}});((((((((((.....))))))))));10;3;0;0;6876;2409;2434;0,187;0,283;0,318;0,212;0,2;0,5;0,3;0,48;-13,06;0,35;C;C;;;;;;0;;http://nibiru.tbi.univie.ac.at/forna/forna.html?id=fasta&file=>\nGUUGCACCUGCCGGCCAGGUGUGGC\n((((((((((.....))))))))))
Mlf2;AI256856, AU018944, C77284;myeloid leukemia factor 2;NM_145385;228;971;CDS;CNGGN;GC;G;G;CAGGA;CCAGGAAGAGCGGCAGGACUACAUCAACCUGG;A;A;(((((..((..{(.....)}...))..)))));(((((..((..((.....))...))..)))));9;1;0;2;1551;745;777;0,208;0,298;0,282;0,212;0,222;0,667;0,111;0,625;-7,14;0,48;A;A;;;;;;0;;http://nibiru.tbi.univie.ac.at/forna/forna.html?id=fasta&file=>\nCCAGGAAGAGCGGCAGGACUACAUCAACCUGG\n(((((..((..((.....))...))..)))))
Mlf2;AI256856, AU018944, C77284;myeloid leukemia factor 2;NM_001170341;228;971;CDS;CNGGN;GC;G;G;CAGGA;CCAGGAAGAGCGGCAGGACUACAUCAACCUGG;A;A;(((((..((..{(.....)}...))..)))));(((((..((..((.....))...))..)))));9;1;0;2;1530;745;777;0,21;0,296;0,284;0,21;0,222;0,667;0,111;0,625;-7,14;0,487;A;A;;;;;;0;;http://nibiru.tbi.univie.ac.at/forna/forna.html?id=fasta&file=>\nCCAGGAAGAGCGGCAGGACUACAUCAACCUGG\n(((((..((..((.....))...))..)))))
Myo1b;AA406997, MIH-L, MMIa;myosin IB;NM_010863;228;3551;CDS;CNGGN;GU;A;G;CGGGA;GCUGGAGCGGGAUUUCAGC;A;A;(((({({.....})}))));(((((((.....)))))));7;2;0;0;4966;898;917;0,291;0,205;0,242;0,262;0,286;0,429;0,286;0,579;-6,33;0,181;G;A;;;;;;1;4683;http://nibiru.tbi.univie.ac.at/forna/forna.html?id=fasta&file=>\nGCUGGAGCGGGAUUUCAGC\n(((((((.....)))))))
Pdlim7;LMP;PDZ and LIM domain 7;NM_001114088;92;1465;CDS;CNGGN;CG;G;C;CAGGU;GUCAAGCCAGGUGCCCAGGAC;A;A;(((..((.....))....)));(((..((.....))....)));5;0;0;1;2626;657;678;0,214;0,295;0,288;0,203;0,2;0,8;0;0,571;-1,73;0,25;A;U;;;;;;0;;http://nibiru.tbi.univie.ac.at/forna/forna.html?id=fasta&file=>\nGUCAAGCCAGGUGCCCAGGAC\n(((..((.....))....)))
Pdlim7;LMP;PDZ and LIM domain 7;NM_001114088;92;1465;5'UTR;CNGGNN;CG;G;C;CAGGCA;GCUCCCGGAGGCUGCCAGGCAGCGGCCCAGGCGGGC;U;A;(({(((...((({((......))})))..)).)}));((((((...((((((......))))))..)).))));12;2;1;1;2626;38;74;0,214;0,295;0,288;0,203;0;0,833;0,167;0,556;-18,65;0,014;A;C;A;;;;;0;;http://nibiru.tbi.univie.ac.at/forna/forna.html?id=fasta&file=>\nGCUCCCGGAGGCUGCCAGGCAGCGGCCCAGGCGGGC\n((((((...((((((......))))))..)).))))
Myo1b;AA406997, MIH-L, MMIa;myosin IB;NM_001161817;228;3638;CDS;CNGGN;GU;A;G;CGGGA;GCUGGAGCGGGAUUUCAGC;A;A;(((({({.....})}))));(((((((.....)))))));7;2;0;0;5053;898;917;0,29;0,204;0,244;0,261;0,286;0,429;0,286;0,579;-6,33;0,178;G;A;;;;;;1;4770;http://nibiru.tbi.univie.ac.at/forna/forna.html?id=fasta&file=>\nGCUGGAGCGGGAUUUCAGC\n(((((((.....)))))))
Pdlim7;LMP;PDZ and LIM domain 7;NM_001114087;92;760;5'UTR;CNGGNN;CG;G;C;CAGGCA;GCUCCCGGAGGCUGCCAGGCAGCGGCCCAGGCGGGC;U;A;(({(((...((({((......))})))..)).)}));((((((...((((((......))))))..)).))));12;2;1;1;1014;38;74;0,189;0,346;0,284;0,18;0;0,833;0,167;0,556;-18,65;0,037;A;C;A;;;;;0;;http://nibiru.tbi.univie.ac.at/forna/forna.html?id=fasta&file=>\nGCUCCCGGAGGCUGCCAGGCAGCGGCCCAGGCGGGC\n((((((...((((((......))))))..)).))))
Pdlim7;LMP;PDZ and LIM domain 7;NM_026131;92;658;5'UTR;CNGGNN;CG;G;C;CAGGCA;GCUCCCGGAGGCUGCCAGGCAGCGGCCCAGGCGGGC;U;A;(({(((...((({((......))})))..)).)}));((((((...((((((......))))))..)).))));12;2;1;1;912;38;74;0,192;0,33;0,291;0,188;0;0,833;0,167;0,556;-18,65;0,042;A;C;A;;;;;0;;http://nibiru.tbi.univie.ac.at/forna/forna.html?id=fasta&file=>\nGCUCCCGGAGGCUGCCAGGCAGCGGCCCAGGCGGGC\n((((((...((((((......))))))..)).))))
Pdlim7;LMP;PDZ and LIM domain 7;NM_001114088;92;1465;CDS;CNGGNNN;CG;A;C;CUGGCAC;UGAAGAUGACCUGGCACGUCCAUUGCUUCA;C;C;(((((..(((.......))).....)))));(((((..(((.......))).....)))));8;0;0;1;2626;1157;1187;0,214;0,295;0,288;0,203;0,5;0,5;0;0,467;-4,26;0,441;U;C;A;C;;;;0;;http://nibiru.tbi.univie.ac.at/forna/forna.html?id=fasta&file=>\nUGAAGAUGACCUGGCACGUCCAUUGCUUCA\n(((((..(((.......))).....)))))
Pdlim7;LMP;PDZ and LIM domain 7;NM_001114088;92;1465;3'UTR;CNGGNNN;CG;C;C;CAGGAAA;CAGAGAGGUGCCCAGGAAAGGCAGUGUUG;A;G;(({.....((((.......))))...}));(((.....((((.......))))...)));7;1;0;1;2626;2087;2116;0,214;0,295;0,288;0,203;0,286;0,571;0,143;0,69;-4,2;0,795;A;A;A;A;;;;0;;http://nibiru.tbi.univie.ac.at/forna/forna.html?id=fasta&file=>\nCAGAGAGGUGCCCAGGAAAGGCAGUGUUG\n(((.....((((.......))))...)))
Megf6;2600001P17Rik, Egfl3;multiple EGF-like-domains 6;NM_001162977;312;5030;3'UTR;CNGGNN;CG;C;C;CAGGCU;CCACAGGUCAACCCCAGGCUGGGUAACUGUGG;A;G;((((((....((((......))))..))))));((((((....((((......))))..))))));10;0;0;1;6876;6457;6489;0,187;0,283;0,318;0,212;0,3;0,7;0;0,531;-13,75;0,939;A;C;U;;;;;0;;http://nibiru.tbi.univie.ac.at/forna/forna.html?id=fasta&file=>\nCCACAGGUCAACCCCAGGCUGGGUAACUGUGG\n((((((....((((......))))..))))))
Isyna1;1300017C10Rik, AU018670, IPS 1;myo-inositol 1-phosphate synthase A1;NM_023627;73;1746;CDS;CNGGNN;CG;G;C;CCGGAC;GUGGAUAGCCCGGACGUGGUCUAC;C;A;(({(({.{(......)}.}))}));((((((.((......)).))))));8;3;0;1;1850;96;120;0,209;0,316;0,285;0,19;0,25;0,375;0,375;0,542;-6,39;0,052;C;A;C;;;;;0;;http://nibiru.tbi.univie.ac.at/forna/forna.html?id=fasta&file=>\nGUGGAUAGCCCGGACGUGGUCUAC\n((((((.((......)).))))))
Isyna1;1300017C10Rik, AU018670, IPS 1;myo-inositol 1-phosphate synthase A1;NM_023627;73;1746;CDS;CNGGNN;GC;U;G;CAGGAA;GGACUGCGGUCUGCAGGAACAGCUGUGGCC;U;C;((.({{({(.(((......))))})}})));((.((((((.(((......)))))))))));11;3;2;0;1850;542;572;0,209;0,316;0,285;0,19;0,091;0,636;0,273;0,567;-11,28;0,293;A;A;A;;;;;0;;http://nibiru.tbi.univie.ac.at/forna/forna.html?id=fasta&file=>\nGGACUGCGGUCUGCAGGAACAGCUGUGGCC\n((.((((((.(((......)))))))))))
Iqgap1;AA682088, D7Ertd237e, D7Ertd257e, mKIAA0051;IQ motif containing GTPase activating protein 1;NM_016721;137;5110;CDS;CNGGNNNNN;CG;U;C;CUGGCUAAU;GGGGGCAUCCUGGCUAAUGAGCUCUC;C;A;({({((.((.........))))})});((((((.((.........))))))));8;2;1;0;7377;742;768;0,283;0,241;0,248;0,229;0,125;0,625;0,25;0,5;-6,68;0,101;U;C;U;A;A;U;;0;;http://nibiru.tbi.univie.ac.at/forna/forna.html?id=fasta&file=>\nGGGGGCAUCCUGGCUAAUGAGCUCUC\n((((((.((.........))))))))
Ncln;3100002P13Rik, AW120537;nicalin;NM_134009;101;1792;CDS;CNGGNNNN;AU;G;A;CGGGACAU;GCUUCUCGACAAGGACGGGACAUUCCUGAGC;A;A;((({.......((((........))))})));((((.......((((........))))))));8;1;1;0;2893;1500;1531;0,193;0,316;0,292;0,199;0,375;0,5;0,125;0,516;-4,66;0,518;G;A;C;A;U;;;0;;http://nibiru.tbi.univie.ac.at/forna/forna.html?id=fasta&file=>\nGCUUCUCGACAAGGACGGGACAUUCCUGAGC\n((((.......((((........))))))))
Megf6;2600001P17Rik, Egfl3;multiple EGF-like-domains 6;NM_001162977;312;5030;CDS;CNGGNNNN;GU;U;G;CAGGAGGA;CAGUACCAGCUGCAGGAGGAUGGCAGGCGCUG;C;U;((({.((.(({{........}})).)).})));((((.((.((((........)))).)).))));10;3;0;2;6876;1010;1042;0,187;0,283;0,318;0,212;0,1;0,6;0,3;0,625;-8,39;0,147;A;A;G;G;A;;;0;;http://nibiru.tbi.univie.ac.at/forna/forna.html?id=fasta&file=>\nCAGUACCAGCUGCAGGAGGAUGGCAGGCGCUG\n((((.((.((((........)))).)).))))
Ipo4;8430408O15Rik, AA409693, Imp4a, RanBP4;importin 4;NM_024267;87;3335;CDS;CNGGNNNN;GC;C;G;CCGGGCUA;GGAGCGCAUCCGCCGGGCUACGGAGCAGCUCC;C;A;(((((((.((((........)))))).)))));(((((((.((((........)))))).)))));11;0;2;0;3846;139;171;0,22;0,284;0,278;0,218;0,182;0,818;0;0,531;-16,27;0,036;C;G;C;U;A;;;0;;http://nibiru.tbi.univie.ac.at/forna/forna.html?id=fasta&file=>\nGGAGCGCAUCCGCCGGGCUACGGAGCAGCUCC\n(((((((.((((........)))))).)))))
Ipo4;8430408O15Rik, AA409693, Imp4a, RanBP4;importin 4;NM_024267;87;3335;3'UTR;CNGGNNNN;UG;C;U;CUGGGGCU;GGUGUCUCUGGGGCUGGACAUC;G;A;({(((({........}))))});(((((((........)))))));7;2;0;0;3846;3442;3464;0,22;0,284;0,278;0,218;0,286;0,429;0,286;0,5;-7,18;0,895;U;G;G;C;U;;;0;;http://nibiru.tbi.univie.ac.at/forna/forna.html?id=fasta&file=>\nGGUGUCUCUGGGGCUGGACAUC\n(((((((........)))))))
Ipo4;8430408O15Rik, AA409693, Imp4a, RanBP4;importin 4;NM_001360078;87;3329;CDS;CNGGNNNN;GC;C;G;CCGGGCUA;GGAGCGCAUCCGCCGGGCUACGGAGCAGCUCC;C;A;(((((((.((((........)))))).)))));(((((((.((((........)))))).)))));11;0;2;0;3840;139;171;0,22;0,284;0,278;0,218;0,182;0,818;0;0,531;-16,27;0,036;C;G;C;U;A;;;0;;http://nibiru.tbi.univie.ac.at/forna/forna.html?id=fasta&file=>\nGGAGCGCAUCCGCCGGGCUACGGAGCAGCUCC\n(((((((.((((........)))))).)))))
Ipo4;8430408O15Rik, AA409693, Imp4a, RanBP4;importin 4;NM_001360078;87;3329;3'UTR;CNGGNNNN;UG;C;U;CUGGGGCU;GGUGUCUCUGGGGCUGGACAUC;G;A;({(((({........}))))});(((((((........)))))));7;2;0;0;3840;3436;3458;0,22;0,284;0,278;0,218;0,286;0,429;0,286;0,5;-7,18;0,895;U;G;G;C;U;;;0;;http://nibiru.tbi.univie.ac.at/forna/forna.html?id=fasta&file=>\nGGUGUCUCUGGGGCUGGACAUC\n(((((((........)))))))
Tcf3;A1, AA408400, ALF2, AW209082, bHLHb21, E12, E12/E47, E2A, E47, KA1, ME2, Pan1, Pan2, TCF-3, Tcfe2a, VDIR;transcription factor 3;NM_001164147;392;2353;3'UTR;CNGG;AU;G;A;CAGG;GUUCUGGAUGAGACAGGUCUCCAUCGAAGC;G;A;({(...(((((((....))).))))..)});(((...(((((((....))).))))..)));10;1;3;0;3320;2416;2446;0,208;0,307;0,293;0,192;0,5;0,4;0,1;0,533;-4,95;0,728;A;;;;;;;0;;http://nibiru.tbi.univie.ac.at/forna/forna.html?id=fasta&file=>\nGUUCUGGAUGAGACAGGUCUCCAUCGAAGC\n(((...(((((((....))).))))..)))
Tcf3;A1, AA408400, ALF2, AW209082, bHLHb21, E12, E12/E47, E2A, E47, KA1, ME2, Pan1, Pan2, TCF-3, Tcfe2a, VDIR;transcription factor 3;NM_001164150;392;2344;3'UTR;CNGG;AU;G;A;CAGG;GUUCUGGAUGAGACAGGUCUCCAUCGAAGC;G;A;({(...(((((((....))).))))..)});(((...(((((((....))).))))..)));10;1;3;0;3311;2407;2437;0,206;0,303;0,296;0,195;0,5;0,4;0,1;0,533;-4,95;0,727;A;;;;;;;0;;http://nibiru.tbi.univie.ac.at/forna/forna.html?id=fasta&file=>\nGUUCUGGAUGAGACAGGUCUCCAUCGAAGC\n(((...(((((((....))).))))..)))
Tcf3;A1, AA408400, ALF2, AW209082, bHLHb21, E12, E12/E47, E2A, E47, KA1, ME2, Pan1, Pan2, TCF-3, Tcfe2a, VDIR;transcription factor 3;NM_001164148;392;2350;3'UTR;CNGG;AU;G;A;CAGG;GUUCUGGAUGAGACAGGUCUCCAUCGAAGC;G;A;({(...(((((((....))).))))..)});(((...(((((((....))).))))..)));10;1;3;0;3317;2413;2443;0,207;0,307;0,293;0,193;0,5;0,4;0,1;0,533;-4,95;0,727;A;;;;;;;0;;http://nibiru.tbi.univie.ac.at/forna/forna.html?id=fasta&file=>\nGUUCUGGAUGAGACAGGUCUCCAUCGAAGC\n(((...(((((((....))).))))..)))
Tcf3;A1, AA408400, ALF2, AW209082, bHLHb21, E12, E12/E47, E2A, E47, KA1, ME2, Pan1, Pan2, TCF-3, Tcfe2a, VDIR;transcription factor 3;NM_001164151;392;2341;3'UTR;CNGG;AU;G;A;CAGG;GUUCUGGAUGAGACAGGUCUCCAUCGAAGC;G;A;({(...(((((((....))).))))..)});(((...(((((((....))).))))..)));10;1;3;0;3308;2404;2434;0,206;0,303;0,296;0,195;0,5;0,4;0,1;0,533;-4,95;0,727;A;;;;;;;0;;http://nibiru.tbi.univie.ac.at/forna/forna.html?id=fasta&file=>\nGUUCUGGAUGAGACAGGUCUCCAUCGAAGC\n(((...(((((((....))).))))..)))
Tcf3;A1, AA408400, ALF2, AW209082, bHLHb21, E12, E12/E47, E2A, E47, KA1, ME2, Pan1, Pan2, TCF-3, Tcfe2a, VDIR;transcription factor 3;NM_001164151;392;2341;CDS;CNGGN;CG;C;C;CUGGA;AGGUGCUGUCCCUGGAGGAGAAGGACCU;G;G;((((.((.(((.....)))..)).))));((((.((.(((.....)))..)).))));9;0;0;2;3308;1982;2010;0,206;0,303;0,296;0,195;0,444;0,556;0;0,607;-9,28;0,599;U;A;;;;;;0;;http://nibiru.tbi.univie.ac.at/forna/forna.html?id=fasta&file=>\nAGGUGCUGUCCCUGGAGGAGAAGGACCU\n((((.((.(((.....)))..)).))))
Tcf3;A1, AA408400, ALF2, AW209082, bHLHb21, E12, E12/E47, E2A, E47, KA1, ME2, Pan1, Pan2, TCF-3, Tcfe2a, VDIR;transcription factor 3;NM_001164152;392;2341;3'UTR;CNGG;AU;G;A;CAGG;GUUCUGGAUGAGACAGGUCUCCAUCGAAGC;G;A;({(...(((((((....))).))))..)});(((...(((((((....))).))))..)));10;1;3;0;3308;2404;2434;0,206;0,303;0,296;0,195;0,5;0,4;0,1;0,533;-4,95;0,727;A;;;;;;;0;;http://nibiru.tbi.univie.ac.at/forna/forna.html?id=fasta&file=>\nGUUCUGGAUGAGACAGGUCUCCAUCGAAGC\n(((...(((((((....))).))))..)))
Tcf3;A1, AA408400, ALF2, AW209082, bHLHb21, E12, E12/E47, E2A, E47, KA1, ME2, Pan1, Pan2, TCF-3, Tcfe2a, VDIR;transcription factor 3;NM_001164149;392;2347;3'UTR;CNGG;AU;G;A;CAGG;GUUCUGGAUGAGACAGGUCUCCAUCGAAGC;G;A;({(...(((((((....))).))))..)});(((...(((((((....))).))))..)));10;1;3;0;3314;2410;2440;0,207;0,307;0,293;0,193;0,5;0,4;0,1;0,533;-4,95;0,727;A;;;;;;;0;;http://nibiru.tbi.univie.ac.at/forna/forna.html?id=fasta&file=>\nGUUCUGGAUGAGACAGGUCUCCAUCGAAGC\n(((...(((((((....))).))))..)))
Tcf3;A1, AA408400, ALF2, AW209082, bHLHb21, E12, E12/E47, E2A, E47, KA1, ME2, Pan1, Pan2, TCF-3, Tcfe2a, VDIR;transcription factor 3;NM_001164153;392;2338;3'UTR;CNGG;AU;G;A;CAGG;GUUCUGGAUGAGACAGGUCUCCAUCGAAGC;G;A;({(...(((((((....))).))))..)});(((...(((((((....))).))))..)));10;1;3;0;3305;2401;2431;0,206;0,303;0,296;0,195;0,5;0,4;0,1;0,533;-4,95;0,726;A;;;;;;;0;;http://nibiru.tbi.univie.ac.at/forna/forna.html?id=fasta&file=>\nGUUCUGGAUGAGACAGGUCUCCAUCGAAGC\n(((...(((((((....))).))))..)))
Tcf3;A1, AA408400, ALF2, AW209082, bHLHb21, E12, E12/E47, E2A, E47, KA1, ME2, Pan1, Pan2, TCF-3, Tcfe2a, VDIR;transcription factor 3;NM_001164153;392;2338;CDS;CNGGN;CG;C;C;CUGGA;AGGUGCUGUCCCUGGAGGAGAAGGACCU;G;G;((((.((.(((.....)))..)).))));((((.((.(((.....)))..)).))));9;0;0;2;3305;1979;2007;0,206;0,303;0,296;0,195;0,444;0,556;0;0,607;-9,28;0,599;U;A;;;;;;0;;http://nibiru.tbi.univie.ac.at/forna/forna.html?id=fasta&file=>\nAGGUGCUGUCCCUGGAGGAGAAGGACCU\n((((.((.(((.....)))..)).))))
Tcf3;A1, AA408400, ALF2, AW209082, bHLHb21, E12, E12/E47, E2A, E47, KA1, ME2, Pan1, Pan2, TCF-3, Tcfe2a, VDIR;transcription factor 3;NM_011548;392;2338;3'UTR;CNGG;AU;G;A;CAGG;GUUCUGGAUGAGACAGGUCUCCAUCGAAGC;G;A;({(...(((((((....))).))))..)});(((...(((((((....))).))))..)));10;1;3;0;3305;2401;2431;0,206;0,303;0,296;0,195;0,5;0,4;0,1;0,533;-4,95;0,726;A;;;;;;;0;;http://nibiru.tbi.univie.ac.at/forna/forna.html?id=fasta&file=>\nGUUCUGGAUGAGACAGGUCUCCAUCGAAGC\n(((...(((((((....))).))))..)))
Ptprf;AA591035, LAR, LARS, RPTP-LAR;protein tyrosine phosphatase, receptor type, F;NM_011213;344;6040;CDS;CNGG;GC;G;G;CUGG;CCGGGCUGGCCCAGG;A;A;(((((....))).));(((((....))).));5;0;1;0;7648;3003;3018;0,219;0,291;0,289;0,201;0;1;0;0,533;-4,51;0,393;U;;;;;;;0;;http://nibiru.tbi.univie.ac.at/forna/forna.html?id=fasta&file=>\nCCGGGCUGGCCCAGG\n(((((....))).))
Ptprf;AA591035, LAR, LARS, RPTP-LAR;protein tyrosine phosphatase, receptor type, F;NM_011213;344;6040;CDS;CNGG;UA;U;U;CUGG;GCUGGACGAGCUUCUGGAGGCCAUCGAGC;A;A;(((.((...(({(....)}))..)).)));(((.((...((((....))))..)).)));9;1;0;2;7648;3789;3818;0,219;0,291;0,289;0,201;0,333;0,556;0,111;0,552;-7,71;0,495;U;;;;;;;0;;http://nibiru.tbi.univie.ac.at/forna/forna.html?id=fasta&file=>\nGCUGGACGAGCUUCUGGAGGCCAUCGAGC\n(((.((...((((....))))..)).)))
Ptprf;AA591035, LAR, LARS, RPTP-LAR;protein tyrosine phosphatase, receptor type, F;NM_011213;344;6040;CDS;CNGG;GC;C;G;CCGG;GCGGAGGCGCCGGCGCCAAGC;A;A;((...((((....))))..));((...((((....))))..));6;0;0;1;7648;3834;3855;0,219;0,291;0,289;0,201;0;1;0;0,619;-7,49;0,501;C;;;;;;;0;;http://nibiru.tbi.univie.ac.at/forna/forna.html?id=fasta&file=>\nGCGGAGGCGCCGGCGCCAAGC\n((...((((....))))..))
Ptprf;AA591035, LAR, LARS, RPTP-LAR;protein tyrosine phosphatase, receptor type, F;NM_011213;344;6040;CDS;CNGGN;UG;U;U;CUGGA;CCAUGGGCGAUUUCUGGAGGAUGGUGUGG;A;G;((({..{(.(({{.....}})).)}})));((((..((.((((.....)))).))))));10;4;1;1;7648;4604;4633;0,219;0,291;0,289;0,201;0,3;0,3;0,4;0,586;-4,9;0,602;U;A;;;;;;0;;http://nibiru.tbi.univie.ac.at/forna/forna.html?id=fasta&file=>\nCCAUGGGCGAUUUCUGGAGGAUGGUGUGG\n((((..((.((((.....)))).))))))
Ptprf;AA591035, LAR, LARS, RPTP-LAR;protein tyrosine phosphatase, receptor type, F;NM_011213;344;6040;CDS;CNGGN;CG;C;C;CUGGU;CUCAUUCAGGUGACCCUGGUGGACACUGUGGAG;C;U;(((.....{(((.((.....)).)))}...)));(((.....((((.((.....)).))))...)));9;1;0;2;7648;4735;4768;0,219;0,291;0,289;0,201;0,222;0,667;0,111;0,515;-6,72;0,619;U;U;;;;;;0;;http://nibiru.tbi.univie.ac.at/forna/forna.html?id=fasta&file=>\nCUCAUUCAGGUGACCCUGGUGGACACUGUGGAG\n(((.....((((.((.....)).))))...)))
Tcf3;A1, AA408400, ALF2, AW209082, bHLHb21, E12, E12/E47, E2A, E47, KA1, ME2, Pan1, Pan2, TCF-3, Tcfe2a, VDIR;transcription factor 3;NM_011548;392;2338;CDS;CNGGN;CG;C;C;CUGGA;AGGUGCUGUCCCUGGAGGAGAAGGACCU;G;G;((((.((.(((.....)))..)).))));((((.((.(((.....)))..)).))));9;0;0;2;3305;1979;2007;0,206;0,303;0,296;0,195;0,444;0,556;0;0,607;-9,28;0,599;U;A;;;;;;0;;http://nibiru.tbi.univie.ac.at/forna/forna.html?id=fasta&file=>\nAGGUGCUGUCCCUGGAGGAGAAGGACCU\n((((.((.(((.....)))..)).))))
Tcf3;A1, AA408400, ALF2, AW209082, bHLHb21, E12, E12/E47, E2A, E47, KA1, ME2, Pan1, Pan2, TCF-3, Tcfe2a, VDIR;transcription factor 3;NM_001164152;392;2341;CDS;CNGGN;CG;C;C;CUGGA;AGGUGCUGUCCCUGGAGGAGAAGGACCU;G;G;((((.((.(((.....)))..)).))));((((.((.(((.....)))..)).))));9;0;0;2;3308;1982;2010;0,206;0,303;0,296;0,195;0,444;0,556;0;0,607;-9,28;0,599;U;A;;;;;;0;;http://nibiru.tbi.univie.ac.at/forna/forna.html?id=fasta&file=>\nAGGUGCUGUCCCUGGAGGAGAAGGACCU\n((((.((.(((.....)))..)).))))
Tcf3;A1, AA408400, ALF2, AW209082, bHLHb21, E12, E12/E47, E2A, E47, KA1, ME2, Pan1, Pan2, TCF-3, Tcfe2a, VDIR;transcription factor 3;NM_001164150;392;2344;CDS;CNGGN;CG;C;C;CUGGA;AGGUGCUGUCCCUGGAGGAGAAGGACCU;G;G;((((.((.(((.....)))..)).))));((((.((.(((.....)))..)).))));9;0;0;2;3311;1985;2013;0,206;0,303;0,296;0,195;0,444;0,556;0;0,607;-9,28;0,6;U;A;;;;;;0;;http://nibiru.tbi.univie.ac.at/forna/forna.html?id=fasta&file=>\nAGGUGCUGUCCCUGGAGGAGAAGGACCU\n((((.((.(((.....)))..)).))))
Timp2;D11Bwg1104e, Timp-2;tissue inhibitor of metalloproteinase 2;NM_011594;322;984;3'UTR;CNGGN;GC;A;G;CCGGC;GACUGUGUAGCCGGCCUACCAGGUC;A;C;((({..((((.....))))..})));((((..((((.....))))..))));8;1;0;1;3635;1388;1413;0,226;0,279;0,25;0,245;0,375;0,5;0,125;0,48;-6,98;0,382;C;C;;;;;;0;;http://nibiru.tbi.univie.ac.at/forna/forna.html?id=fasta&file=>\nGACUGUGUAGCCGGCCUACCAGGUC\n((((..((((.....))))..))))
Timp2;D11Bwg1104e, Timp-2;tissue inhibitor of metalloproteinase 2;NM_011594;322;984;3'UTR;CNGGNN;GU;G;G;CAGGGA;UCUCAUGCUGGGGGCAGGGAUCUGUGGUGAGGGG;G;U;{({(.{{({{.{({......})}.}})}}.)})};((((.(((((.(((......))).))))).))));12;8;0;2;3635;1715;1749;0,226;0,279;0,25;0,245;0;0,333;0,667;0,618;-7,81;0,472;A;G;A;;;;;0;;http://nibiru.tbi.univie.ac.at/forna/forna.html?id=fasta&file=>\nUCUCAUGCUGGGGGCAGGGAUCUGUGGUGAGGGG\n((((.(((((.(((......))).))))).))))
Ptprf;AA591035, LAR, LARS, RPTP-LAR;protein tyrosine phosphatase, receptor type, F;NM_011213;344;6040;CDS;CNGGNN;GC;U;G;CGGGCA;CCGGGUGUGGGUGCGGGCACACACAGAUGUGG;A;G;(({.{(.((.(((......))).)).)}.}));(((.((.((.(((......))).)).)).)));10;2;0;3;7648;2382;2414;0,219;0,291;0,289;0,201;0,3;0,5;0,2;0,625;-9,74;0,311;G;C;A;;;;;0;;http://nibiru.tbi.univie.ac.at/forna/forna.html?id=fasta&file=>\nCCGGGUGUGGGUGCGGGCACACACAGAUGUGG\n(((.((.((.(((......))).)).)).)))
Ptprf;AA591035, LAR, LARS, RPTP-LAR;protein tyrosine phosphatase, receptor type, F;NM_011213;344;6040;CDS;CNGGNNN;UA;A;U;CAGGUGC;CUGCGAUCAGGUGCAUUGCAG;G;A;(((({((.......))}))));(((((((.......)))))));7;1;0;0;7648;901;922;0,219;0,291;0,289;0,201;0,429;0,429;0,143;0,524;-6,05;0,118;A;U;G;C;;;;0;;http://nibiru.tbi.univie.ac.at/forna/forna.html?id=fasta&file=>\nCUGCGAUCAGGUGCAUUGCAG\n(((((((.......)))))))
Ptprf;AA591035, LAR, LARS, RPTP-LAR;protein tyrosine phosphatase, receptor type, F;NM_011213;344;6040;5'UTR;CNGGNNNN;UA;C;U;CCGGCUCC;GCAGAGGCGGCGGCUCCGGCUCCAGCUCCGGCUCCGGC;G;U;((.(((.(((.{(((........)))}))).)))..));((.(((.(((.((((........))))))).)))..));12;1;5;0;7648;47;85;0,219;0,291;0,289;0,201;0,167;0,75;0,083;0,474;-15,82;0,006;C;C;U;C;C;;;0;;http://nibiru.tbi.univie.ac.at/forna/forna.html?id=fasta&file=>\nGCAGAGGCGGCGGCUCCGGCUCCAGCUCCGGCUCCGGC\n((.(((.(((.((((........))))))).)))..))
Phkg1;Phkg;phosphorylase kinase gamma 1;NM_011079;193;1359;CDS;CNGGNNNNN;CG;G;C;CAGGAAUAC;CACAUGCCAGGAAUACGCAGUG;C;A;(((.(((.........))))));(((.(((.........))))));6;0;1;0;2369;314;336;0,264;0,241;0,261;0,234;0,333;0,667;0;0,591;-3,3;0,133;A;A;A;U;A;C;;0;;http://nibiru.tbi.univie.ac.at/forna/forna.html?id=fasta&file=>\nCACAUGCCAGGAAUACGCAGUG\n(((.(((.........))))))
